"Department","DistinguishedName","Enabled","GivenName","mail","Manager","Name","ObjectClass","ObjectGUID","OfficePhone","SamAccountName","SID","sn","Surname","Title","UserPrincipalName","Office"
"Direction Générale","CN=Pauline Renaud,OU=Direction Générale,OU=Utilisateurs,DC=contoso,DC=fr","True","Pauline","pauliner@contoso.fr","","Pauline Renaud","user","b7de08a6-8417-491b-be62-85945a538f46","01 99 00 01 79","pauliner","S-1-5-21-331390976-2650875657-2422772959-1705","Renaud","Renaud","Président-directeur général","pauline.renaud@contoso.fr","Paris"
"Exploitation","CN=Delphine Bassot,OU=Exploitation,OU=Utilisateurs,DC=contoso,DC=fr","True","Delphine","delphineb@contoso.fr","CN=Pauline Renaud,OU=Direction Générale,OU=Utilisateurs,DC=contoso,DC=fr","Delphine Bassot","user","7846c22f-d3d8-4e02-8b62-d055d0284783","03 53 01 54 72","delphineb","S-1-5-21-331390976-2650875657-2422772959-1706","Bassot","Bassot","Directeur des services professionnels","delphine.bassot@contoso.fr","Metz"
"Gestion de Projet","CN=Élodie Noël,OU=Gestion de Projet,OU=Utilisateurs,DC=contoso,DC=fr","True","Élodie","elodien@contoso.fr","CN=Delphine Bassot,OU=Exploitation,OU=Utilisateurs,DC=contoso,DC=fr","Élodie Noël","user","5ff9eed7-6b0d-4b20-bed5-b0b904191880","01 99 00 24 43","elodien","S-1-5-21-331390976-2650875657-2422772959-1707","Noël","Noël","Directeur du pôle gestion de projet","elodie.noel@contoso.fr","Paris"
"Gestion de Projet","CN=Florian Ozanne,OU=Gestion de Projet,OU=Utilisateurs,DC=contoso,DC=fr","True","Florian","floriano@contoso.fr","CN=Élodie Noël,OU=Gestion de Projet,OU=Utilisateurs,DC=contoso,DC=fr","Florian Ozanne","user","72d2b1b2-1f94-4d3a-be01-c327e35c72b6","03 53 01 19 31","floriano","S-1-5-21-331390976-2650875657-2422772959-1708","Ozanne","Ozanne","Chef de projet","florian.ozanne@contoso.fr","Metz"
"Exploitation","CN=Émilie Imbert,OU=Exploitation,OU=Utilisateurs,DC=contoso,DC=fr","True","Émilie","emiliei@contoso.fr","CN=Delphine Bassot,OU=Exploitation,OU=Utilisateurs,DC=contoso,DC=fr","Émilie Imbert","user","f04f136b-df92-46bf-a161-f2990a823694","03 53 01 93 27","emiliei","S-1-5-21-331390976-2650875657-2422772959-1709","Imbert","Imbert","Directeur financier des services professionnels","emilie.imbert@contoso.fr","Metz"
"Ingénierie","CN=Virginie Loiseau,OU=Ingénierie,OU=Utilisateurs,DC=contoso,DC=fr","True","Virginie","virginiel@contoso.fr","CN=Delphine Bassot,OU=Exploitation,OU=Utilisateurs,DC=contoso,DC=fr","Virginie Loiseau","user","bfb3de68-ea0c-4087-a0c8-176f83b674e3","03 53 01 29 87","virginiel","S-1-5-21-331390976-2650875657-2422772959-1710","Loiseau","Loiseau","Directeur général délégué","virginie.loiseau@contoso.fr","Metz"
"Direction Générale","CN=Aurélie Clerc,OU=Direction Générale,OU=Utilisateurs,DC=contoso,DC=fr","True","Aurélie","aureliec@contoso.fr","CN=Pauline Renaud,OU=Direction Générale,OU=Utilisateurs,DC=contoso,DC=fr","Aurélie Clerc","user","8724dd1b-c401-4487-9ea8-4c224ef67710","01 99 00 01 21","aureliec","S-1-5-21-331390976-2650875657-2422772959-1711","Clerc","Clerc","Directeur des opérations","aurelie.clerc@contoso.fr","Paris"
"Comptabilité","CN=Antoine Lefebvre,OU=Comptabilité,OU=Utilisateurs,DC=contoso,DC=fr","True","Antoine","antoinel@contoso.fr","CN=Émilie Imbert,OU=Exploitation,OU=Utilisateurs,DC=contoso,DC=fr","Antoine Lefebvre","user","7db937b4-a31a-448f-bc54-7b871e609506","01 99 00 41 56","antoinel","S-1-5-21-331390976-2650875657-2422772959-1712","Lefebvre","Lefebvre","Contrôleur de gestion","antoine.lefebvre@contoso.fr","Paris"
"Direction Commerciale","CN=Maxime Lefebvre,OU=Direction Commerciale,OU=Utilisateurs,DC=contoso,DC=fr","True","Maxime","maximel@contoso.fr","CN=Delphine Bassot,OU=Exploitation,OU=Utilisateurs,DC=contoso,DC=fr","Maxime Lefebvre","user","242f6e15-e469-4e42-9510-0483f6d019c9","01 99 00 65 63","maximel","S-1-5-21-331390976-2650875657-2422772959-1713","Lefebvre","Lefebvre","Vice-président ventes France","maxime.lefebvre@contoso.fr","Paris"
"Direction Générale","CN=Pauline Poirier,OU=Direction Générale,OU=Utilisateurs,DC=contoso,DC=fr","True","Pauline","paulinep@contoso.fr","CN=Aurélie Clerc,OU=Direction Générale,OU=Utilisateurs,DC=contoso,DC=fr","Pauline Poirier","user","0b23837b-8fdb-4edf-a50b-325ed0625086","01 99 00 01 87","paulinep","S-1-5-21-331390976-2650875657-2422772959-1714","Poirier","Poirier","Vice-président exécutif exploitation","pauline.poirier@contoso.fr","Paris"
"Ressources Humaines","CN=Audrey Mallet,OU=Ressources Humaines,OU=Utilisateurs,DC=contoso,DC=fr","True","Audrey","audreym@contoso.fr","CN=Antoine Lefebvre,OU=Comptabilité,OU=Utilisateurs,DC=contoso,DC=fr","Audrey Mallet","user","09636eb3-0cab-4051-9606-37c549330110","01 99 00 82 58","audreym","S-1-5-21-331390976-2650875657-2422772959-1715","Mallet","Mallet","Responsable des ressources humaines","audrey.mallet@contoso.fr","Paris"
"Conseil en Stratégie","CN=Océane Hubert,OU=Conseil en Stratégie,OU=Utilisateurs,DC=contoso,DC=fr","True","Océane","oceaneh@contoso.fr","CN=Virginie Loiseau,OU=Ingénierie,OU=Utilisateurs,DC=contoso,DC=fr","Océane Hubert","user","8ad45b6d-8c85-496a-a2d9-78422c4ee663","01 99 00 41 78","oceaneh","S-1-5-21-331390976-2650875657-2422772959-1716","Hubert","Hubert","Responsable du conseil en stratégie","oceane.hubert@contoso.fr","Paris"
"Direction Générale","CN=Nathalie Kieffer,OU=Direction Générale,OU=Utilisateurs,DC=contoso,DC=fr","True","Nathalie","nathaliek@contoso.fr","CN=Pauline Poirier,OU=Direction Générale,OU=Utilisateurs,DC=contoso,DC=fr","Nathalie Kieffer","user","99612e2d-ea29-44ed-bc7e-bd17d5fd84a7","01 99 00 01 77","nathaliek","S-1-5-21-331390976-2650875657-2422772959-1717","Kieffer","Kieffer","Vice-président exécutif activités en ligne","nathalie.kieffer@contoso.fr","Paris"
"Pilotage des Affaires","CN=Lucie Moreau,OU=Pilotage des Affaires,OU=Utilisateurs,DC=contoso,DC=fr","True","Lucie","luciem@contoso.fr","CN=Maxime Lefebvre,OU=Direction Commerciale,OU=Utilisateurs,DC=contoso,DC=fr","Lucie Moreau","user","2a43d793-7367-4a3e-8c6e-5ec955a52038","01 99 00 46 76","luciem","S-1-5-21-331390976-2650875657-2422772959-1718","Moreau","Moreau","Directeur général délégué","lucie.moreau@contoso.fr","Paris"
"Conseil en Stratégie","CN=Élodie Caron,OU=Conseil en Stratégie,OU=Utilisateurs,DC=contoso,DC=fr","True","Élodie","elodiec@contoso.fr","CN=Virginie Loiseau,OU=Ingénierie,OU=Utilisateurs,DC=contoso,DC=fr","Élodie Caron","user","f88a171c-b337-4c26-9c4b-824bb74a0729","01 99 00 28 67","elodiec","S-1-5-21-331390976-2650875657-2422772959-1719","Caron","Caron","Responsable du conseil en stratégie","elodie.caron@contoso.fr","Paris"
"Direction Commerciale","CN=Laurent Cordier,OU=Direction Commerciale,OU=Utilisateurs,DC=contoso,DC=fr","True","Laurent","laurentc@contoso.fr","CN=Lucie Moreau,OU=Pilotage des Affaires,OU=Utilisateurs,DC=contoso,DC=fr","Laurent Cordier","user","9476eed7-4e97-4378-b0be-0d8ca07906fd","01 99 00 22 17","laurentc","S-1-5-21-331390976-2650875657-2422772959-1720","Cordier","Cordier","Directeur commercial régional","laurent.cordier@contoso.fr","Paris"
"Pilotage des Affaires","CN=Quentin Joubert,OU=Pilotage des Affaires,OU=Utilisateurs,DC=contoso,DC=fr","True","Quentin","quentinj@contoso.fr","CN=Laurent Cordier,OU=Direction Commerciale,OU=Utilisateurs,DC=contoso,DC=fr","Quentin Joubert","user","4d339518-1c4e-46dd-8024-829f555b1562","03 53 01 11 23","quentinj","S-1-5-21-331390976-2650875657-2422772959-1721","Joubert","Joubert","Responsable commercial","quentin.joubert@contoso.fr","Metz"
"Comité de Direction","CN=Cédric Prévost,OU=Comité de Direction,OU=Utilisateurs,DC=contoso,DC=fr","True","Cédric","cedricp@contoso.fr","CN=Nathalie Kieffer,OU=Direction Générale,OU=Utilisateurs,DC=contoso,DC=fr","Cédric Prévost","user","d70e0bad-9aca-44c7-94cb-12bc7ca5f222","01 99 00 01 72","cedricp","S-1-5-21-331390976-2650875657-2422772959-1722","Prévost","Prévost","Directeur exécutif des services en ligne","cedric.prevost@contoso.fr","Paris"
"Direction Commerciale","CN=Vincent Leclerc,OU=Direction Commerciale,OU=Utilisateurs,DC=contoso,DC=fr","True","Vincent","vincentl@contoso.fr","CN=Lucie Moreau,OU=Pilotage des Affaires,OU=Utilisateurs,DC=contoso,DC=fr","Vincent Leclerc","user","37b056d8-f63e-412b-b172-63d60d35ea56","03 53 01 46 38","vincentl","S-1-5-21-331390976-2650875657-2422772959-1723","Leclerc","Leclerc","Directeur commercial régional","vincent.leclerc@contoso.fr","Metz"
"Direction Commerciale","CN=Étienne Leclerc,OU=Direction Commerciale,OU=Utilisateurs,DC=contoso,DC=fr","True","Étienne","etiennel@contoso.fr","CN=Lucie Moreau,OU=Pilotage des Affaires,OU=Utilisateurs,DC=contoso,DC=fr","Étienne Leclerc","user","72bd066c-d0ac-4e94-af41-11bd70dd7d40","03 53 01 79 34","etiennel","S-1-5-21-331390976-2650875657-2422772959-1724","Leclerc","Leclerc","Directeur commercial régional","etienne.leclerc@contoso.fr","Metz"
"Exploitation","CN=Ludovic Masse,OU=Exploitation,OU=Utilisateurs,DC=contoso,DC=fr","True","Ludovic","ludovicm@contoso.fr","CN=Delphine Bassot,OU=Exploitation,OU=Utilisateurs,DC=contoso,DC=fr","Ludovic Masse","user","50c573a3-0619-4e1b-b433-401a333c7372","04 65 71 89 36","ludovicm","S-1-5-21-331390976-2650875657-2422772959-1725","Masse","Masse","Directeur technique des services professionnels","ludovic.masse@contoso.fr","Lyon"
"Comité de Direction","CN=Quentin Ziegler,OU=Comité de Direction,OU=Utilisateurs,DC=contoso,DC=fr","True","Quentin","quentinz@contoso.fr","CN=Cédric Prévost,OU=Comité de Direction,OU=Utilisateurs,DC=contoso,DC=fr","Quentin Ziegler","user","e644bedd-9b3a-4fa5-be62-f027f2e97dd5","01 99 00 01 92","quentinz","S-1-5-21-331390976-2650875657-2422772959-1726","Ziegler","Ziegler","Directeur régie publicitaire et affiliation","quentin.ziegler@contoso.fr","Paris"
"Direction Commerciale","CN=Anaïs Paulin,OU=Direction Commerciale,OU=Utilisateurs,DC=contoso,DC=fr","True","Anaïs","anaisp@contoso.fr","CN=Lucie Moreau,OU=Pilotage des Affaires,OU=Utilisateurs,DC=contoso,DC=fr","Anaïs Paulin","user","5f35988c-afb1-4107-9b1a-935f91f3bf71","01 99 00 74 14","anaisp","S-1-5-21-331390976-2650875657-2422772959-1727","Paulin","Paulin","Directeur commercial régional","anais.paulin@contoso.fr","Paris"
"Exploitation","CN=Camille Mercier,OU=Exploitation,OU=Utilisateurs,DC=contoso,DC=fr","True","Camille","camillem@contoso.fr","CN=Ludovic Masse,OU=Exploitation,OU=Utilisateurs,DC=contoso,DC=fr","Camille Mercier","user","a528dc1d-0042-484d-81cb-dc58c95d8147","01 99 00 31 86","camillem","S-1-5-21-331390976-2650875657-2422772959-1728","Mercier","Mercier","Directeur informatique","camille.mercier@contoso.fr","Paris"
"Direction Commerciale","CN=Baptiste Guérin,OU=Direction Commerciale,OU=Utilisateurs,DC=contoso,DC=fr","True","Baptiste","baptisteg@contoso.fr","CN=Vincent Leclerc,OU=Direction Commerciale,OU=Utilisateurs,DC=contoso,DC=fr","Baptiste Guérin","user","2bfaa552-d9a5-41e9-a6c3-5be62b4433c8","01 99 00 54 54","baptisteg","S-1-5-21-331390976-2650875657-2422772959-1729","Guérin","Guérin","Responsable commercial","baptiste.guerin@contoso.fr","Paris"
"Conseil en Stratégie","CN=Hugo Baron,OU=Conseil en Stratégie,OU=Utilisateurs,DC=contoso,DC=fr","True","Hugo","hugob@contoso.fr","CN=Virginie Loiseau,OU=Ingénierie,OU=Utilisateurs,DC=contoso,DC=fr","Hugo Baron","user","907dbfd3-298a-4388-8dd9-707760dd3092","01 99 00 83 35","hugob","S-1-5-21-331390976-2650875657-2422772959-1730","Baron","Baron","Responsable du conseil en stratégie","hugo.baron@contoso.fr","Paris"
"Gestion de Projet","CN=Nathalie Barbier,OU=Gestion de Projet,OU=Utilisateurs,DC=contoso,DC=fr","True","Nathalie","nathalieb@contoso.fr","CN=Élodie Noël,OU=Gestion de Projet,OU=Utilisateurs,DC=contoso,DC=fr","Nathalie Barbier","user","d7777583-6b90-40eb-91a8-6f2bf2791f4e","03 53 01 63 45","nathalieb","S-1-5-21-331390976-2650875657-2422772959-1731","Barbier","Barbier","Chef de projet senior","nathalie.barbier@contoso.fr","Metz"
"Marketing","CN=Maxime Vidal,OU=Marketing,OU=Utilisateurs,DC=contoso,DC=fr","True","Maxime","maximev@contoso.fr","CN=Quentin Ziegler,OU=Comité de Direction,OU=Utilisateurs,DC=contoso,DC=fr","Maxime Vidal","user","99fc0f94-9573-477f-8e02-ca842e069b8c","01 99 00 01 64","maximev","S-1-5-21-331390976-2650875657-2422772959-1732","Vidal","Vidal","Directeur de la régie publicitaire","maxime.vidal@contoso.fr","Paris"
"Pilotage des Affaires","CN=Bastien Rey,OU=Pilotage des Affaires,OU=Utilisateurs,DC=contoso,DC=fr","True","Bastien","bastienr@contoso.fr","CN=Étienne Leclerc,OU=Direction Commerciale,OU=Utilisateurs,DC=contoso,DC=fr","Bastien Rey","user","6a11df26-6b53-4baf-b3c8-25add379d21f","01 99 00 31 87","bastienr","S-1-5-21-331390976-2650875657-2422772959-1733","Rey","Rey","Responsable commercial","bastien.rey@contoso.fr","Paris"
"Conseil en Stratégie","CN=Sandrine Pichon,OU=Conseil en Stratégie,OU=Utilisateurs,DC=contoso,DC=fr","True","Sandrine","sandrinep@contoso.fr","CN=Virginie Loiseau,OU=Ingénierie,OU=Utilisateurs,DC=contoso,DC=fr","Sandrine Pichon","user","22b24470-babd-435b-9349-23c1bcadd849","01 99 00 97 58","sandrinep","S-1-5-21-331390976-2650875657-2422772959-1734","Pichon","Pichon","Responsable du conseil en stratégie","sandrine.pichon@contoso.fr","Paris"
"Ressources Humaines","CN=Sébastien Noël,OU=Ressources Humaines,OU=Utilisateurs,DC=contoso,DC=fr","True","Sébastien","sebastienn@contoso.fr","CN=Audrey Mallet,OU=Ressources Humaines,OU=Utilisateurs,DC=contoso,DC=fr","Sébastien Noël","user","d24e5009-dcf1-4d20-9aa3-874a83283cf0","01 99 00 13 46","sebastienn","S-1-5-21-331390976-2650875657-2422772959-1735","Noël","Noël","Responsable des ressources humaines","sebastien.noel@contoso.fr","Paris"
"Direction Commerciale","CN=Étienne Berger,OU=Direction Commerciale,OU=Utilisateurs,DC=contoso,DC=fr","True","Étienne","etienneb@contoso.fr","CN=Lucie Moreau,OU=Pilotage des Affaires,OU=Utilisateurs,DC=contoso,DC=fr","Étienne Berger","user","1f666335-b35b-4db6-ad36-a8c93358c611","03 53 01 77 72","etienneb","S-1-5-21-331390976-2650875657-2422772959-1736","Berger","Berger","Directeur commercial régional","etienne.berger@contoso.fr","Metz"
"Comité de Direction","CN=Caroline Pichon,OU=Comité de Direction,OU=Utilisateurs,DC=contoso,DC=fr","True","Caroline","carolinep@contoso.fr","CN=Quentin Ziegler,OU=Comité de Direction,OU=Utilisateurs,DC=contoso,DC=fr","Caroline Pichon","user","81066423-effe-4a10-aa35-4aa10ae0510c","01 99 00 01 84","carolinep","S-1-5-21-331390976-2650875657-2422772959-1737","Pichon","Pichon","Responsable senior du développement commercial","caroline.pichon@contoso.fr","Paris"
"Gestion de Projet","CN=Anaïs Weber,OU=Gestion de Projet,OU=Utilisateurs,DC=contoso,DC=fr","True","Anaïs","anaisw@contoso.fr","CN=Élodie Noël,OU=Gestion de Projet,OU=Utilisateurs,DC=contoso,DC=fr","Anaïs Weber","user","1eb018bb-7347-46fd-8d83-35ad5aaa731e","01 99 00 99 77","anaisw","S-1-5-21-331390976-2650875657-2422772959-1738","Weber","Weber","Chef de projet senior","anais.weber@contoso.fr","Paris"
"Marketing","CN=Delphine Esnault,OU=Marketing,OU=Utilisateurs,DC=contoso,DC=fr","True","Delphine","delphinee@contoso.fr","CN=Delphine Bassot,OU=Exploitation,OU=Utilisateurs,DC=contoso,DC=fr","Delphine Esnault","user","7139b430-f5e4-4dc2-8b1f-1921b54f42a5","01 99 00 65 11","delphinee","S-1-5-21-331390976-2650875657-2422772959-1739","Esnault","Esnault","Responsable marketing","delphine.esnault@contoso.fr","Paris"
"Conseil Gestion de Contenu","CN=Grégory Chevalier,OU=Conseil Gestion de Contenu,OU=Utilisateurs,DC=contoso,DC=fr","True","Grégory","gregoryc@contoso.fr","CN=Élodie Noël,OU=Gestion de Projet,OU=Utilisateurs,DC=contoso,DC=fr","Grégory Chevalier","user","e89f603c-3707-49a1-92ad-dc6a231b32f8","04 65 71 61 69","gregoryc","S-1-5-21-331390976-2650875657-2422772959-1740","Chevalier","Chevalier","Responsable du conseil gestion de contenu","gregory.chevalier@contoso.fr","Lyon"
"Gestion de Projet","CN=Étienne Girard,OU=Gestion de Projet,OU=Utilisateurs,DC=contoso,DC=fr","True","Étienne","etienneg@contoso.fr","CN=Élodie Noël,OU=Gestion de Projet,OU=Utilisateurs,DC=contoso,DC=fr","Étienne Girard","user","acacc661-f71d-490a-9cb8-0b7bdfe7c669","01 99 00 81 48","etienneg","S-1-5-21-331390976-2650875657-2422772959-1741","Girard","Girard","Chef de projet senior","etienne.girard@contoso.fr","Paris"
"Conseil en Stratégie","CN=Laurent Mallet,OU=Conseil en Stratégie,OU=Utilisateurs,DC=contoso,DC=fr","True","Laurent","laurentm@contoso.fr","CN=Élodie Caron,OU=Conseil en Stratégie,OU=Utilisateurs,DC=contoso,DC=fr","Laurent Mallet","user","6884a642-9966-442a-ac80-6dfed9442a5b","04 65 71 39 65","laurentm","S-1-5-21-331390976-2650875657-2422772959-1742","Mallet","Mallet","Consultant en stratégie","laurent.mallet@contoso.fr","Lyon"
"Exploitation","CN=Sarah Clerc,OU=Exploitation,OU=Utilisateurs,DC=contoso,DC=fr","True","Sarah","sarahc@contoso.fr","CN=Delphine Bassot,OU=Exploitation,OU=Utilisateurs,DC=contoso,DC=fr","Sarah Clerc","user","b1bb9fc3-dcb0-4328-8d91-6d88ee78bc2d","04 65 71 74 36","sarahc","S-1-5-21-331390976-2650875657-2422772959-1743","Clerc","Clerc","Responsable des achats","sarah.clerc@contoso.fr","Lyon"
"Direction Commerciale","CN=Élodie Imbert,OU=Direction Commerciale,OU=Utilisateurs,DC=contoso,DC=fr","True","Élodie","elodiei@contoso.fr","CN=Anaïs Paulin,OU=Direction Commerciale,OU=Utilisateurs,DC=contoso,DC=fr","Élodie Imbert","user","7e28daa4-228f-46fc-b8f1-f35d7e4ed03e","01 99 00 93 37","elodiei","S-1-5-21-331390976-2650875657-2422772959-1744","Imbert","Imbert","Responsable commercial","elodie.imbert@contoso.fr","Paris"
"Pilotage des Affaires","CN=Guillaume Fontaine,OU=Pilotage des Affaires,OU=Utilisateurs,DC=contoso,DC=fr","True","Guillaume","guillaumef@contoso.fr","CN=Étienne Berger,OU=Direction Commerciale,OU=Utilisateurs,DC=contoso,DC=fr","Guillaume Fontaine","user","309409a4-150e-44e3-93c5-f08458b243ee","01 99 00 36 21","guillaumef","S-1-5-21-331390976-2650875657-2422772959-1745","Fontaine","Fontaine","Responsable commercial","guillaume.fontaine@contoso.fr","Paris"
"Gestion de Projet","CN=Pierre Lemoine,OU=Gestion de Projet,OU=Utilisateurs,DC=contoso,DC=fr","True","Pierre","pierrel@contoso.fr","CN=Élodie Noël,OU=Gestion de Projet,OU=Utilisateurs,DC=contoso,DC=fr","Pierre Lemoine","user","23072c6f-3814-4be2-b4f1-ea74a3df4e40","03 53 01 86 73","pierrel","S-1-5-21-331390976-2650875657-2422772959-1746","Lemoine","Lemoine","Chef de projet","pierre.lemoine@contoso.fr","Metz"
"Conseil en Stratégie","CN=Ludovic Hamon,OU=Conseil en Stratégie,OU=Utilisateurs,DC=contoso,DC=fr","True","Ludovic","ludovich@contoso.fr","CN=Virginie Loiseau,OU=Ingénierie,OU=Utilisateurs,DC=contoso,DC=fr","Ludovic Hamon","user","d856c97a-a02f-4b78-b966-1ea9cb9f28e7","03 53 01 13 97","ludovich","S-1-5-21-331390976-2650875657-2422772959-1747","Hamon","Hamon","Responsable du conseil en stratégie","ludovic.hamon@contoso.fr","Metz"
"Exploitation","CN=Pierre Maillard,OU=Exploitation,OU=Utilisateurs,DC=contoso,DC=fr","True","Pierre","pierrem@contoso.fr","CN=Delphine Bassot,OU=Exploitation,OU=Utilisateurs,DC=contoso,DC=fr","Pierre Maillard","user","c9b92bc2-af45-453d-a6cf-00ce57cbdc3d","01 99 00 82 16","pierrem","S-1-5-21-331390976-2650875657-2422772959-1748","Maillard","Maillard","Responsable","pierre.maillard@contoso.fr","Paris"
"Ingénierie et Production","CN=Céline Ollivier,OU=Ingénierie et Production,OU=Utilisateurs,DC=contoso,DC=fr","True","Céline","celineo@contoso.fr","CN=Delphine Bassot,OU=Exploitation,OU=Utilisateurs,DC=contoso,DC=fr","Céline Ollivier","user","8b066919-9f6c-4e45-8afe-7be6ab97853c","03 53 01 41 22","celineo","S-1-5-21-331390976-2650875657-2422772959-1749","Ollivier","Ollivier","Directeur général délégué","celine.ollivier@contoso.fr","Metz"
"Ingénierie et Production","CN=Océane Baron,OU=Ingénierie et Production,OU=Utilisateurs,DC=contoso,DC=fr","True","Océane","oceaneb@contoso.fr","CN=Céline Ollivier,OU=Ingénierie et Production,OU=Utilisateurs,DC=contoso,DC=fr","Océane Baron","user","33d6a6a2-3615-4f0c-aa26-c15016432a24","03 53 01 72 23","oceaneb","S-1-5-21-331390976-2650875657-2422772959-1750","Baron","Baron","Responsable du conseil en stratégie","oceane.baron@contoso.fr","Metz"
"Exploitation","CN=Laurent Blanchard,OU=Exploitation,OU=Utilisateurs,DC=contoso,DC=fr","True","Laurent","laurentb@contoso.fr","CN=Pierre Maillard,OU=Exploitation,OU=Utilisateurs,DC=contoso,DC=fr","Laurent Blanchard","user","a29140f9-13c6-4849-9890-0687072dece8","01 99 00 12 42","laurentb","S-1-5-21-331390976-2650875657-2422772959-1751","Blanchard","Blanchard","Responsable","laurent.blanchard@contoso.fr","Paris"
"Gestion de Projet","CN=Maxime Mercier,OU=Gestion de Projet,OU=Utilisateurs,DC=contoso,DC=fr","True","Maxime","maximem@contoso.fr","CN=Pierre Lemoine,OU=Gestion de Projet,OU=Utilisateurs,DC=contoso,DC=fr","Maxime Mercier","user","49576048-c1ae-4c61-b876-2608434f81ed","01 99 00 96 42","maximem","S-1-5-21-331390976-2650875657-2422772959-1752","Mercier","Mercier","Chef de projet","maxime.mercier@contoso.fr","Paris"
"Stratégie CRM","CN=Olivier Leclerc,OU=Stratégie CRM,OU=Utilisateurs,DC=contoso,DC=fr","True","Olivier","olivierl@contoso.fr","CN=Hugo Baron,OU=Conseil en Stratégie,OU=Utilisateurs,DC=contoso,DC=fr","Olivier Leclerc","user","2cfdb538-a03d-44b1-a0f2-b7ef32b713a7","","olivierl","S-1-5-21-331390976-2650875657-2422772959-1753","Leclerc","Leclerc","Responsable du conseil CRM","olivier.leclerc@contoso.fr","Paris"
"Conseil Gestion de Contenu","CN=Baptiste Tanguy,OU=Conseil Gestion de Contenu,OU=Utilisateurs,DC=contoso,DC=fr","True","Baptiste","baptistet@contoso.fr","CN=Grégory Chevalier,OU=Conseil Gestion de Contenu,OU=Utilisateurs,DC=contoso,DC=fr","Baptiste Tanguy","user","45a85a2d-37c8-47e6-9a5a-6f6bc2c7421e","","baptistet","S-1-5-21-331390976-2650875657-2422772959-1754","Tanguy","Tanguy","Consultant gestion de contenu","baptiste.tanguy@contoso.fr","Lyon"
"Conseil Gestion de Contenu","CN=Romain Weber,OU=Conseil Gestion de Contenu,OU=Utilisateurs,DC=contoso,DC=fr","True","Romain","romainw@contoso.fr","CN=Grégory Chevalier,OU=Conseil Gestion de Contenu,OU=Utilisateurs,DC=contoso,DC=fr","Romain Weber","user","87d72a92-cf0c-40f5-b5a2-075d0fc9da0b","","romainw","S-1-5-21-331390976-2650875657-2422772959-1755","Weber","Weber","Consultant gestion de contenu","romain.weber@contoso.fr","Lyon"
"Conseil Gestion de Contenu","CN=Fabien Bouvier,OU=Conseil Gestion de Contenu,OU=Utilisateurs,DC=contoso,DC=fr","True","Fabien","fabienb@contoso.fr","CN=Grégory Chevalier,OU=Conseil Gestion de Contenu,OU=Utilisateurs,DC=contoso,DC=fr","Fabien Bouvier","user","5b517785-ce63-4d9e-9564-75f60db5baa4","","fabienb","S-1-5-21-331390976-2650875657-2422772959-1756","Bouvier","Bouvier","Consultant gestion de contenu","fabien.bouvier@contoso.fr","Lyon"
"Conseil Gestion de Contenu","CN=Olivier Huet,OU=Conseil Gestion de Contenu,OU=Utilisateurs,DC=contoso,DC=fr","True","Olivier","olivierh@contoso.fr","CN=Grégory Chevalier,OU=Conseil Gestion de Contenu,OU=Utilisateurs,DC=contoso,DC=fr","Olivier Huet","user","49b7abb0-7c7e-4052-907c-16f5825683eb","","olivierh","S-1-5-21-331390976-2650875657-2422772959-1757","Huet","Huet","Consultant gestion de contenu","olivier.huet@contoso.fr","Lyon"
"Conseil Gestion de Contenu","CN=Marion Clerc,OU=Conseil Gestion de Contenu,OU=Utilisateurs,DC=contoso,DC=fr","True","Marion","marionc@contoso.fr","CN=Grégory Chevalier,OU=Conseil Gestion de Contenu,OU=Utilisateurs,DC=contoso,DC=fr","Marion Clerc","user","6cfde6df-e2d3-4958-8697-ef78729cbe51","","marionc","S-1-5-21-331390976-2650875657-2422772959-1758","Clerc","Clerc","Consultant gestion de contenu","marion.clerc@contoso.fr","Lyon"
"Stratégie CRM","CN=Margaux Hamon,OU=Stratégie CRM,OU=Utilisateurs,DC=contoso,DC=fr","True","Margaux","margauxh@contoso.fr","CN=Olivier Leclerc,OU=Stratégie CRM,OU=Utilisateurs,DC=contoso,DC=fr","Margaux Hamon","user","011a88bc-7df9-4d92-ba1f-2ff319e101e1","","margauxh","S-1-5-21-331390976-2650875657-2422772959-1759","Hamon","Hamon","Consultant CRM","margaux.hamon@contoso.fr","Paris"
"Conseil Gestion de Contenu","CN=Sophie Barbier,OU=Conseil Gestion de Contenu,OU=Utilisateurs,DC=contoso,DC=fr","True","Sophie","sophieb@contoso.fr","CN=Grégory Chevalier,OU=Conseil Gestion de Contenu,OU=Utilisateurs,DC=contoso,DC=fr","Sophie Barbier","user","d37da227-e452-489e-bf60-b8d87a4c32c0","","sophieb","S-1-5-21-331390976-2650875657-2422772959-1760","Barbier","Barbier","Consultant CRM","sophie.barbier@contoso.fr","Lyon"
"Stratégie CRM","CN=Amandine Pruvost,OU=Stratégie CRM,OU=Utilisateurs,DC=contoso,DC=fr","True","Amandine","amandinep@contoso.fr","CN=Olivier Leclerc,OU=Stratégie CRM,OU=Utilisateurs,DC=contoso,DC=fr","Amandine Pruvost","user","19810018-8a60-4216-8597-80262e5712d0","","amandinep","S-1-5-21-331390976-2650875657-2422772959-1761","Pruvost","Pruvost","Consultant CRM","amandine.pruvost@contoso.fr","Paris"
"Conseil Gestion de Contenu","CN=Clémence Noël,OU=Conseil Gestion de Contenu,OU=Utilisateurs,DC=contoso,DC=fr","True","Clémence","clemencen@contoso.fr","CN=Grégory Chevalier,OU=Conseil Gestion de Contenu,OU=Utilisateurs,DC=contoso,DC=fr","Clémence Noël","user","cedb0e6a-9974-4293-8286-7dc8f5985e8a","","clemencen","S-1-5-21-331390976-2650875657-2422772959-1762","Noël","Noël","Consultant gestion de contenu","clemence.noel@contoso.fr","Lyon"
"Conseil Gestion de Contenu","CN=Sophie Lemoine,OU=Conseil Gestion de Contenu,OU=Utilisateurs,DC=contoso,DC=fr","True","Sophie","sophiel@contoso.fr","CN=Grégory Chevalier,OU=Conseil Gestion de Contenu,OU=Utilisateurs,DC=contoso,DC=fr","Sophie Lemoine","user","a7123b9f-1060-4213-b5bb-f971303cf182","04 65 71 44 28","sophiel","S-1-5-21-331390976-2650875657-2422772959-1763","Lemoine","Lemoine","Consultant gestion de contenu","sophie.lemoine@contoso.fr","Lyon"
"Conseil Gestion de Contenu","CN=Romain Berger,OU=Conseil Gestion de Contenu,OU=Utilisateurs,DC=contoso,DC=fr","True","Romain","romainb@contoso.fr","CN=Grégory Chevalier,OU=Conseil Gestion de Contenu,OU=Utilisateurs,DC=contoso,DC=fr","Romain Berger","user","7c2df1cf-6aef-4b5a-8666-e8fbe1f97663","04 65 71 94 37","romainb","S-1-5-21-331390976-2650875657-2422772959-1764","Berger","Berger","Consultant gestion de contenu","romain.berger@contoso.fr","Lyon"
"Conseil Gestion de Contenu","CN=Clémence Poirier,OU=Conseil Gestion de Contenu,OU=Utilisateurs,DC=contoso,DC=fr","True","Clémence","clemencep@contoso.fr","CN=Grégory Chevalier,OU=Conseil Gestion de Contenu,OU=Utilisateurs,DC=contoso,DC=fr","Clémence Poirier","user","c664caf1-1023-4a0d-a90d-ec891eb89e61","04 65 71 94 41","clemencep","S-1-5-21-331390976-2650875657-2422772959-1765","Poirier","Poirier","Consultant gestion de contenu","clemence.poirier@contoso.fr","Lyon"
"Conseil Gestion de Contenu","CN=Céline Clerc,OU=Conseil Gestion de Contenu,OU=Utilisateurs,DC=contoso,DC=fr","True","Céline","celinec@contoso.fr","CN=Grégory Chevalier,OU=Conseil Gestion de Contenu,OU=Utilisateurs,DC=contoso,DC=fr","Céline Clerc","user","b5dfbef4-8ca8-49f5-a2de-4af33b175552","","celinec","S-1-5-21-331390976-2650875657-2422772959-1766","Clerc","Clerc","Consultant gestion de contenu","celine.clerc@contoso.fr","Lyon"
"Conseil en Stratégie","CN=Sébastien Hervé,OU=Conseil en Stratégie,OU=Utilisateurs,DC=contoso,DC=fr","True","Sébastien","sebastienh@contoso.fr","CN=Sandrine Pichon,OU=Conseil en Stratégie,OU=Utilisateurs,DC=contoso,DC=fr","Sébastien Hervé","user","f5a2b7f2-35c5-471e-a8c7-4569ad2861f5","04 65 71 52 92","sebastienh","S-1-5-21-331390976-2650875657-2422772959-1767","Hervé","Hervé","Consultant en stratégie","sebastien.herve@contoso.fr","Lyon"
"Ingénierie et Production","CN=Audrey Amiot,OU=Ingénierie et Production,OU=Utilisateurs,DC=contoso,DC=fr","True","Audrey","audreya@contoso.fr","CN=Océane Baron,OU=Ingénierie et Production,OU=Utilisateurs,DC=contoso,DC=fr","Audrey Amiot","user","8e18794b-7b4d-4375-b3cd-bcf6199926da","03 53 01 37 48","audreya","S-1-5-21-331390976-2650875657-2422772959-1768","Amiot","Amiot","Ingénieur","audrey.amiot@contoso.fr","Metz"
"Ingénierie et Production","CN=Isabelle Duval,OU=Ingénierie et Production,OU=Utilisateurs,DC=contoso,DC=fr","True","Isabelle","isabelled@contoso.fr","CN=Océane Baron,OU=Ingénierie et Production,OU=Utilisateurs,DC=contoso,DC=fr","Isabelle Duval","user","7e60ff5a-c38b-4815-8f00-61b269a8f083","03 53 01 61 73","isabelled","S-1-5-21-331390976-2650875657-2422772959-1769","Duval","Duval","Ingénieur","isabelle.duval@contoso.fr","Metz"
"Ingénierie et Production","CN=Anaïs Grondin,OU=Ingénierie et Production,OU=Utilisateurs,DC=contoso,DC=fr","True","Anaïs","anaisg@contoso.fr","CN=Océane Baron,OU=Ingénierie et Production,OU=Utilisateurs,DC=contoso,DC=fr","Anaïs Grondin","user","51ae8f34-698e-4651-a429-2cb825cbe449","03 53 01 31 19","anaisg","S-1-5-21-331390976-2650875657-2422772959-1770","Grondin","Grondin","Ingénieur","anais.grondin@contoso.fr","Metz"
"Ingénierie et Production","CN=Ludovic Brunet,OU=Ingénierie et Production,OU=Utilisateurs,DC=contoso,DC=fr","True","Ludovic","ludovicb@contoso.fr","CN=Océane Baron,OU=Ingénierie et Production,OU=Utilisateurs,DC=contoso,DC=fr","Ludovic Brunet","user","74de80f2-9eab-4c4c-8df5-af0dc32f16ca","03 53 01 72 31","ludovicb","S-1-5-21-331390976-2650875657-2422772959-1771","Brunet","Brunet","Ingénieur","ludovic.brunet@contoso.fr","Metz"
"Création","CN=Élodie Régnier,OU=Création,OU=Utilisateurs,DC=contoso,DC=fr","True","Élodie","elodier@contoso.fr","CN=Océane Baron,OU=Ingénierie et Production,OU=Utilisateurs,DC=contoso,DC=fr","Élodie Régnier","user","eaea736d-6e68-4047-bb22-ca7f8a793ccb","01 99 00 66 99","elodier","S-1-5-21-331390976-2650875657-2422772959-1772","Régnier","Régnier","Ingénieur","elodie.regnier@contoso.fr","Paris"
"Ingénierie et Production","CN=Delphine Hamon,OU=Ingénierie et Production,OU=Utilisateurs,DC=contoso,DC=fr","True","Delphine","delphineh@contoso.fr","CN=Océane Baron,OU=Ingénierie et Production,OU=Utilisateurs,DC=contoso,DC=fr","Delphine Hamon","user","5914122f-d433-4094-9a83-7fcbdcecaec6","03 53 01 61 27","delphineh","S-1-5-21-331390976-2650875657-2422772959-1773","Hamon","Hamon","Ingénieur","delphine.hamon@contoso.fr","Metz"
"Stratégie CRM","CN=Sophie Duval,OU=Stratégie CRM,OU=Utilisateurs,DC=contoso,DC=fr","True","Sophie","sophied@contoso.fr","CN=Olivier Leclerc,OU=Stratégie CRM,OU=Utilisateurs,DC=contoso,DC=fr","Sophie Duval","user","9149465d-e566-4c1a-801d-8d01c3c00dea","","sophied","S-1-5-21-331390976-2650875657-2422772959-1774","Duval","Duval","Consultant CRM","sophie.duval@contoso.fr","Paris"
"Stratégie CRM","CN=Sandrine Gaillard,OU=Stratégie CRM,OU=Utilisateurs,DC=contoso,DC=fr","True","Sandrine","sandrineg@contoso.fr","CN=Olivier Leclerc,OU=Stratégie CRM,OU=Utilisateurs,DC=contoso,DC=fr","Sandrine Gaillard","user","dbf9f74b-86a4-4341-aaca-49c7ccbe7485","","sandrineg","S-1-5-21-331390976-2650875657-2422772959-1775","Gaillard","Gaillard","Consultant CRM","sandrine.gaillard@contoso.fr","Paris"
"Stratégie CRM","CN=Hélène Pruvost,OU=Stratégie CRM,OU=Utilisateurs,DC=contoso,DC=fr","True","Hélène","helenep@contoso.fr","CN=Olivier Leclerc,OU=Stratégie CRM,OU=Utilisateurs,DC=contoso,DC=fr","Hélène Pruvost","user","b739469e-df71-454e-ac05-3fc3e8baeeaf","","helenep","S-1-5-21-331390976-2650875657-2422772959-1776","Pruvost","Pruvost","Consultant CRM","helene.pruvost@contoso.fr","Paris"
"Conseil en Stratégie","CN=Pauline Lemoine,OU=Conseil en Stratégie,OU=Utilisateurs,DC=contoso,DC=fr","True","Pauline","paulinel@contoso.fr","CN=Élodie Caron,OU=Conseil en Stratégie,OU=Utilisateurs,DC=contoso,DC=fr","Pauline Lemoine","user","dece205a-6795-433d-99a3-2ba2f993cfff","01 99 00 52 31","paulinel","S-1-5-21-331390976-2650875657-2422772959-1777","Lemoine","Lemoine","Consultant en stratégie","pauline.lemoine@contoso.fr","Paris"
"Conseil en Stratégie","CN=Hélène Fournier,OU=Conseil en Stratégie,OU=Utilisateurs,DC=contoso,DC=fr","True","Hélène","helenef@contoso.fr","CN=Océane Hubert,OU=Conseil en Stratégie,OU=Utilisateurs,DC=contoso,DC=fr","Hélène Fournier","user","cc0fab94-80c4-40c6-bad2-e9cf5eef6f2b","03 53 01 58 64","helenef","S-1-5-21-331390976-2650875657-2422772959-1778","Fournier","Fournier","Consultant en stratégie","helene.fournier@contoso.fr","Metz"
"Conseil en Stratégie","CN=Vincent Hubert,OU=Conseil en Stratégie,OU=Utilisateurs,DC=contoso,DC=fr","True","Vincent","vincenth@contoso.fr","CN=Ludovic Hamon,OU=Conseil en Stratégie,OU=Utilisateurs,DC=contoso,DC=fr","Vincent Hubert","user","d0195cfd-7e9a-4ee8-b838-ec43edba4c68","04 65 71 54 22","vincenth","S-1-5-21-331390976-2650875657-2422772959-1779","Hubert","Hubert","Consultant en stratégie","vincent.hubert@contoso.fr","Lyon"
"Conseil en Stratégie","CN=Bastien Leclerc,OU=Conseil en Stratégie,OU=Utilisateurs,DC=contoso,DC=fr","True","Bastien","bastienl@contoso.fr","CN=Sandrine Pichon,OU=Conseil en Stratégie,OU=Utilisateurs,DC=contoso,DC=fr","Bastien Leclerc","user","be7519a0-a110-4627-914f-03038b7bc4d1","01 99 00 54 99","bastienl","S-1-5-21-331390976-2650875657-2422772959-1780","Leclerc","Leclerc","Consultant en stratégie","bastien.leclerc@contoso.fr","Paris"
"Conseil en Stratégie","CN=Cédric Mallet,OU=Conseil en Stratégie,OU=Utilisateurs,DC=contoso,DC=fr","True","Cédric","cedricm@contoso.fr","CN=Élodie Caron,OU=Conseil en Stratégie,OU=Utilisateurs,DC=contoso,DC=fr","Cédric Mallet","user","c70fcbcf-e7bc-4e23-bd15-139963b85547","03 53 01 16 65","cedricm","S-1-5-21-331390976-2650875657-2422772959-1781","Mallet","Mallet","Consultant en stratégie","cedric.mallet@contoso.fr","Metz"
"Conseil Gestion de Contenu","CN=Sarah Dupont,OU=Conseil Gestion de Contenu,OU=Utilisateurs,DC=contoso,DC=fr","True","Sarah","sarahd@contoso.fr","CN=Grégory Chevalier,OU=Conseil Gestion de Contenu,OU=Utilisateurs,DC=contoso,DC=fr","Sarah Dupont","user","559cc2f4-1762-40a0-9d58-cd724781215c","04 65 71 34 34","sarahd","S-1-5-21-331390976-2650875657-2422772959-1782","Dupont","Dupont","Consultant gestion de contenu","sarah.dupont@contoso.fr","Lyon"
"Conseil en Stratégie","CN=Romain Tessier,OU=Conseil en Stratégie,OU=Utilisateurs,DC=contoso,DC=fr","True","Romain","romaint@contoso.fr","CN=Océane Hubert,OU=Conseil en Stratégie,OU=Utilisateurs,DC=contoso,DC=fr","Romain Tessier","user","6337b7f5-b5ad-4931-b33a-9df49f032922","03 53 01 79 47","romaint","S-1-5-21-331390976-2650875657-2422772959-1783","Tessier","Tessier","Consultant en stratégie","romain.tessier@contoso.fr","Metz"
"Stratégie CRM","CN=Baptiste Leroux,OU=Stratégie CRM,OU=Utilisateurs,DC=contoso,DC=fr","True","Baptiste","baptistel@contoso.fr","CN=Olivier Leclerc,OU=Stratégie CRM,OU=Utilisateurs,DC=contoso,DC=fr","Baptiste Leroux","user","5e5d6b8f-1344-4e70-a962-b952caeed4c1","","baptistel","S-1-5-21-331390976-2650875657-2422772959-1784","Leroux","Leroux","Consultant CRM","baptiste.leroux@contoso.fr","Paris"
"Conseil en Stratégie","CN=Aurélie Ziegler,OU=Conseil en Stratégie,OU=Utilisateurs,DC=contoso,DC=fr","True","Aurélie","aureliez@contoso.fr","CN=Élodie Caron,OU=Conseil en Stratégie,OU=Utilisateurs,DC=contoso,DC=fr","Aurélie Ziegler","user","49c4721e-48b4-48b2-997f-633fb4afb540","01 99 00 81 57","aureliez","S-1-5-21-331390976-2650875657-2422772959-1785","Ziegler","Ziegler","Consultant en stratégie","aurelie.ziegler@contoso.fr","Paris"
"Conseil en Stratégie","CN=Margaux Blanchard,OU=Conseil en Stratégie,OU=Utilisateurs,DC=contoso,DC=fr","True","Margaux","margauxb@contoso.fr","CN=Hugo Baron,OU=Conseil en Stratégie,OU=Utilisateurs,DC=contoso,DC=fr","Margaux Blanchard","user","49ee2aac-d40f-46a2-8520-0218b5e42a49","03 53 01 57 84","margauxb","S-1-5-21-331390976-2650875657-2422772959-1786","Blanchard","Blanchard","Consultant en stratégie","margaux.blanchard@contoso.fr","Metz"
"Conseil en Stratégie","CN=Nicolas Mallet,OU=Conseil en Stratégie,OU=Utilisateurs,DC=contoso,DC=fr","True","Nicolas","nicolasm@contoso.fr","CN=Sandrine Pichon,OU=Conseil en Stratégie,OU=Utilisateurs,DC=contoso,DC=fr","Nicolas Mallet","user","0d15bba1-f9e9-48d1-98e2-34d2407e6f86","04 65 71 58 62","nicolasm","S-1-5-21-331390976-2650875657-2422772959-1787","Mallet","Mallet","Consultant en stratégie","nicolas.mallet@contoso.fr","Lyon"
"Conseil en Stratégie","CN=Adrien Masse,OU=Conseil en Stratégie,OU=Utilisateurs,DC=contoso,DC=fr","True","Adrien","adrienm@contoso.fr","CN=Ludovic Hamon,OU=Conseil en Stratégie,OU=Utilisateurs,DC=contoso,DC=fr","Adrien Masse","user","dcc10729-8dbe-426d-b6ac-0a95e9a2f0d7","01 99 00 35 18","adrienm","S-1-5-21-331390976-2650875657-2422772959-1788","Masse","Masse","Consultant en stratégie","adrien.masse@contoso.fr","Paris"
"Conseil en Stratégie","CN=Charlotte Gaillard,OU=Conseil en Stratégie,OU=Utilisateurs,DC=contoso,DC=fr","True","Charlotte","charlotteg@contoso.fr","CN=Ludovic Hamon,OU=Conseil en Stratégie,OU=Utilisateurs,DC=contoso,DC=fr","Charlotte Gaillard","user","8550e839-78e9-4c42-85b7-1bfdf8aa8ed6","04 65 71 44 84","charlotteg","S-1-5-21-331390976-2650875657-2422772959-1789","Gaillard","Gaillard","Consultant en stratégie","charlotte.gaillard@contoso.fr","Lyon"
"Conseil en Stratégie","CN=Nathalie Vaillant,OU=Conseil en Stratégie,OU=Utilisateurs,DC=contoso,DC=fr","True","Nathalie","nathaliev@contoso.fr","CN=Océane Hubert,OU=Conseil en Stratégie,OU=Utilisateurs,DC=contoso,DC=fr","Nathalie Vaillant","user","4b6ea132-e8fa-4d67-b0e9-c194d201309d","04 65 71 64 43","nathaliev","S-1-5-21-331390976-2650875657-2422772959-1790","Vaillant","Vaillant","Consultant en stratégie","nathalie.vaillant@contoso.fr","Lyon"
"Conseil en Stratégie","CN=Marion Marchand,OU=Conseil en Stratégie,OU=Utilisateurs,DC=contoso,DC=fr","True","Marion","marionm@contoso.fr","CN=Hugo Baron,OU=Conseil en Stratégie,OU=Utilisateurs,DC=contoso,DC=fr","Marion Marchand","user","dda65c86-f801-448a-b447-823aee708d4e","01 99 00 54 61","marionm","S-1-5-21-331390976-2650875657-2422772959-1791","Marchand","Marchand","Consultant en stratégie","marion.marchand@contoso.fr","Paris"
"Ingénierie et Production","CN=Mathieu Bouvier,OU=Ingénierie et Production,OU=Utilisateurs,DC=contoso,DC=fr","True","Mathieu","mathieub@contoso.fr","CN=Océane Baron,OU=Ingénierie et Production,OU=Utilisateurs,DC=contoso,DC=fr","Mathieu Bouvier","user","4bbaa4f6-bf32-4895-a632-147b0450d68a","03 53 01 35 99","mathieub","S-1-5-21-331390976-2650875657-2422772959-1792","Bouvier","Bouvier","Ingénieur","mathieu.bouvier@contoso.fr","Metz"
"Stratégie CRM","CN=Mélanie Blanchard,OU=Stratégie CRM,OU=Utilisateurs,DC=contoso,DC=fr","True","Mélanie","melanieb@contoso.fr","CN=Olivier Leclerc,OU=Stratégie CRM,OU=Utilisateurs,DC=contoso,DC=fr","Mélanie Blanchard","user","e01a7ab1-0498-4364-86cc-7b22410d48f3","","melanieb","S-1-5-21-331390976-2650875657-2422772959-1793","Blanchard","Blanchard","Consultant CRM","melanie.blanchard@contoso.fr","Paris"
"Conseil Gestion de Contenu","CN=Manon Marchand,OU=Conseil Gestion de Contenu,OU=Utilisateurs,DC=contoso,DC=fr","True","Manon","manonm@contoso.fr","CN=Grégory Chevalier,OU=Conseil Gestion de Contenu,OU=Utilisateurs,DC=contoso,DC=fr","Manon Marchand","user","eddf81c2-bd05-46d7-9795-e7890e209b45","04 65 71 55 42","manonm","S-1-5-21-331390976-2650875657-2422772959-1794","Marchand","Marchand","Consultant gestion de contenu","manon.marchand@contoso.fr","Lyon"
"Conseil en Stratégie","CN=Cédric Turpin,OU=Conseil en Stratégie,OU=Utilisateurs,DC=contoso,DC=fr","True","Cédric","cedrict@contoso.fr","CN=Hugo Baron,OU=Conseil en Stratégie,OU=Utilisateurs,DC=contoso,DC=fr","Cédric Turpin","user","61239bbd-fdeb-422b-8efe-40edc8dffaaf","01 99 00 82 36","cedrict","S-1-5-21-331390976-2650875657-2422772959-1795","Turpin","Turpin","Consultant en stratégie","cedric.turpin@contoso.fr","Paris"
"Prestataires Externes","CN=Bastien Dumas,OU=Prestataires Externes,OU=Utilisateurs,DC=contoso,DC=fr","True","Bastien","bastiend@contoso.fr","CN=Maxime Mercier,OU=Gestion de Projet,OU=Utilisateurs,DC=contoso,DC=fr","Bastien Dumas","user","fcb614d3-c39a-4781-b7bd-8b96f5a5100d","01 99 00 77 49","bastiend","S-1-5-21-331390976-2650875657-2422772959-1796","Dumas","Dumas","Chef de projet","bastien.dumas@contoso.fr","Paris"
"Conseil en Stratégie","CN=Grégory Guérin,OU=Conseil en Stratégie,OU=Utilisateurs,DC=contoso,DC=fr","True","Grégory","gregoryg@contoso.fr","CN=Ludovic Hamon,OU=Conseil en Stratégie,OU=Utilisateurs,DC=contoso,DC=fr","Grégory Guérin","user","90291c8d-f900-4762-96ad-c2eb1002686d","01 99 00 81 47","gregoryg","S-1-5-21-331390976-2650875657-2422772959-1797","Guérin","Guérin","Consultant en stratégie","gregory.guerin@contoso.fr","Paris"
"Prestataires Externes","CN=Sarah Kieffer,OU=Prestataires Externes,OU=Utilisateurs,DC=contoso,DC=fr","True","Sarah","sarahk@contoso.fr","CN=Maxime Mercier,OU=Gestion de Projet,OU=Utilisateurs,DC=contoso,DC=fr","Sarah Kieffer","user","23239dc3-116b-4947-8e54-37a574aace9e","01 99 00 52 33","sarahk","S-1-5-21-331390976-2650875657-2422772959-1798","Kieffer","Kieffer","Chef de projet","sarah.kieffer@contoso.fr","Paris"
"Prestataires Externes","CN=Sandrine Tanguy,OU=Prestataires Externes,OU=Utilisateurs,DC=contoso,DC=fr","True","Sandrine","sandrinet@contoso.fr","CN=Maxime Mercier,OU=Gestion de Projet,OU=Utilisateurs,DC=contoso,DC=fr","Sandrine Tanguy","user","cff32e30-7047-4c64-a1d6-04d478287546","01 99 00 95 49","sandrinet","S-1-5-21-331390976-2650875657-2422772959-1799","Tanguy","Tanguy","Chef de projet","sandrine.tanguy@contoso.fr","Paris"
"Prestataires Externes","CN=Julien Delaunay,OU=Prestataires Externes,OU=Utilisateurs,DC=contoso,DC=fr","True","Julien","juliend@contoso.fr","CN=Maxime Mercier,OU=Gestion de Projet,OU=Utilisateurs,DC=contoso,DC=fr","Julien Delaunay","user","b330d274-7fcd-450d-af45-1eaceca06a4c","01 99 00 14 59","juliend","S-1-5-21-331390976-2650875657-2422772959-1800","Delaunay","Delaunay","Chef de projet","julien.delaunay@contoso.fr","Paris"
"Prestataires Externes","CN=Camille Lamy,OU=Prestataires Externes,OU=Utilisateurs,DC=contoso,DC=fr","True","Camille","camillel@contoso.fr","CN=Maxime Mercier,OU=Gestion de Projet,OU=Utilisateurs,DC=contoso,DC=fr","Camille Lamy","user","09613928-992c-4328-8024-7e22919ef2b3","01 99 00 75 93","camillel","S-1-5-21-331390976-2650875657-2422772959-1801","Lamy","Lamy","Chef de projet","camille.lamy@contoso.fr","Paris"
"Prestataires Externes","CN=Charlotte Chevalier,OU=Prestataires Externes,OU=Utilisateurs,DC=contoso,DC=fr","True","Charlotte","charlottec@contoso.fr","CN=Maxime Mercier,OU=Gestion de Projet,OU=Utilisateurs,DC=contoso,DC=fr","Charlotte Chevalier","user","2ff50834-a953-426c-a3f4-397e2c7ad961","01 99 00 54 13","charlottec","S-1-5-21-331390976-2650875657-2422772959-1802","Chevalier","Chevalier","Chef de projet","charlotte.chevalier@contoso.fr","Paris"
"Prestataires Externes","CN=Jérôme Vidal,OU=Prestataires Externes,OU=Utilisateurs,DC=contoso,DC=fr","True","Jérôme","jeromev@contoso.fr","CN=Maxime Mercier,OU=Gestion de Projet,OU=Utilisateurs,DC=contoso,DC=fr","Jérôme Vidal","user","eb91a45a-463d-4fd8-9036-cbacc05860a5","01 99 00 93 66","jeromev","S-1-5-21-331390976-2650875657-2422772959-1803","Vidal","Vidal","Chef de projet","jerome.vidal@contoso.fr","Paris"
"Prestataires Externes","CN=Pierre Bassot,OU=Prestataires Externes,OU=Utilisateurs,DC=contoso,DC=fr","True","Pierre","pierreb@contoso.fr","CN=Maxime Mercier,OU=Gestion de Projet,OU=Utilisateurs,DC=contoso,DC=fr","Pierre Bassot","user","98610f21-6f4a-4c66-8b52-006eb7c51ba2","01 99 00 23 42","pierreb","S-1-5-21-331390976-2650875657-2422772959-1804","Bassot","Bassot","Chef de projet","pierre.bassot@contoso.fr","Paris"
"Prestataires Externes","CN=Anaïs Hamon,OU=Prestataires Externes,OU=Utilisateurs,DC=contoso,DC=fr","True","Anaïs","anaish@contoso.fr","CN=Maxime Mercier,OU=Gestion de Projet,OU=Utilisateurs,DC=contoso,DC=fr","Anaïs Hamon","user","b3f2cfc1-1e7f-45e3-b54c-1ea8d259f68d","01 99 00 15 77","anaish","S-1-5-21-331390976-2650875657-2422772959-1805","Hamon","Hamon","Chef de projet","anais.hamon@contoso.fr","Paris"
"Prestataires Externes","CN=Fabien Grondin,OU=Prestataires Externes,OU=Utilisateurs,DC=contoso,DC=fr","True","Fabien","fabieng@contoso.fr","CN=Maxime Mercier,OU=Gestion de Projet,OU=Utilisateurs,DC=contoso,DC=fr","Fabien Grondin","user","530fc08d-2ab3-499c-8ba8-f4ad7af64b5d","01 99 00 71 77","fabieng","S-1-5-21-331390976-2650875657-2422772959-1806","Grondin","Grondin","Chef de projet","fabien.grondin@contoso.fr","Paris"
"Prestataires Externes","CN=Étienne Prévost,OU=Prestataires Externes,OU=Utilisateurs,DC=contoso,DC=fr","True","Étienne","etiennep@contoso.fr","CN=Maxime Mercier,OU=Gestion de Projet,OU=Utilisateurs,DC=contoso,DC=fr","Étienne Prévost","user","a0c37074-eea7-4cf6-8fae-9d94353b9beb","01 99 00 33 82","etiennep","S-1-5-21-331390976-2650875657-2422772959-1807","Prévost","Prévost","Chef de projet","etienne.prevost@contoso.fr","Paris"
"Prestataires Externes","CN=Nathalie Chevalier,OU=Prestataires Externes,OU=Utilisateurs,DC=contoso,DC=fr","True","Nathalie","nathaliec@contoso.fr","CN=Maxime Mercier,OU=Gestion de Projet,OU=Utilisateurs,DC=contoso,DC=fr","Nathalie Chevalier","user","ca7c1c08-3cac-4b77-bb44-4a7cccd7b72c","01 99 00 47 24","nathaliec","S-1-5-21-331390976-2650875657-2422772959-1808","Chevalier","Chevalier","Chef de projet","nathalie.chevalier@contoso.fr","Paris"
"Prestataires Externes","CN=Grégory Fabre,OU=Prestataires Externes,OU=Utilisateurs,DC=contoso,DC=fr","True","Grégory","gregoryf@contoso.fr","CN=Maxime Mercier,OU=Gestion de Projet,OU=Utilisateurs,DC=contoso,DC=fr","Grégory Fabre","user","88854ebf-d74b-4648-ae25-6a79e2e762c7","01 99 00 34 15","gregoryf","S-1-5-21-331390976-2650875657-2422772959-1809","Fabre","Fabre","Chef de projet","gregory.fabre@contoso.fr","Paris"
"Comptabilité","CN=Ludovic Duval,OU=Comptabilité,OU=Utilisateurs,DC=contoso,DC=fr","True","Ludovic","ludovicd@contoso.fr","CN=Antoine Lefebvre,OU=Comptabilité,OU=Utilisateurs,DC=contoso,DC=fr","Ludovic Duval","user","60f87580-1572-419c-88ee-2e8424732e0e","01 99 00 97 64","ludovicd","S-1-5-21-331390976-2650875657-2422772959-1810","Duval","Duval","Comptable","ludovic.duval@contoso.fr","Paris"
"Prestataires Externes","CN=Estelle Ziegler,OU=Prestataires Externes,OU=Utilisateurs,DC=contoso,DC=fr","True","Estelle","estellez@contoso.fr","CN=Laurent Mallet,OU=Conseil en Stratégie,OU=Utilisateurs,DC=contoso,DC=fr","Estelle Ziegler","user","bb00ed50-bc69-4871-bdbf-fadf5be62dd0","04 65 71 16 78","estellez","S-1-5-21-331390976-2650875657-2422772959-1811","Ziegler","Ziegler","Consultant en stratégie","estelle.ziegler@contoso.fr","Lyon"
"Prestataires Externes","CN=Lucie Nourry,OU=Prestataires Externes,OU=Utilisateurs,DC=contoso,DC=fr","True","Lucie","lucien@contoso.fr","CN=Laurent Mallet,OU=Conseil en Stratégie,OU=Utilisateurs,DC=contoso,DC=fr","Lucie Nourry","user","bc0cc68b-a9a2-4196-9ec9-e788801c4ab7","04 65 71 68 52","lucien","S-1-5-21-331390976-2650875657-2422772959-1812","Nourry","Nourry","Consultant en stratégie","lucie.nourry@contoso.fr","Lyon"
"Prestataires Externes","CN=Mélanie Mercier,OU=Prestataires Externes,OU=Utilisateurs,DC=contoso,DC=fr","True","Mélanie","melaniem@contoso.fr","CN=Laurent Mallet,OU=Conseil en Stratégie,OU=Utilisateurs,DC=contoso,DC=fr","Mélanie Mercier","user","1e7897e2-c122-47f2-9d7f-534b584776eb","04 65 71 87 92","melaniem","S-1-5-21-331390976-2650875657-2422772959-1813","Mercier","Mercier","Consultant en stratégie","melanie.mercier@contoso.fr","Lyon"
"Prestataires Externes","CN=Vincent Grondin,OU=Prestataires Externes,OU=Utilisateurs,DC=contoso,DC=fr","True","Vincent","vincentg@contoso.fr","CN=Laurent Mallet,OU=Conseil en Stratégie,OU=Utilisateurs,DC=contoso,DC=fr","Vincent Grondin","user","2859685c-a540-43bf-b161-9ea55e462395","04 65 71 62 35","vincentg","S-1-5-21-331390976-2650875657-2422772959-1814","Grondin","Grondin","Consultant en stratégie","vincent.grondin@contoso.fr","Lyon"
"Prestataires Externes","CN=Sarah Weber,OU=Prestataires Externes,OU=Utilisateurs,DC=contoso,DC=fr","True","Sarah","sarahw@contoso.fr","CN=Laurent Mallet,OU=Conseil en Stratégie,OU=Utilisateurs,DC=contoso,DC=fr","Sarah Weber","user","21381b8e-94bb-43df-a37a-6ce89324f411","04 65 71 46 66","sarahw","S-1-5-21-331390976-2650875657-2422772959-1815","Weber","Weber","Consultant en stratégie","sarah.weber@contoso.fr","Lyon"
"Prestataires Externes","CN=Estelle Joubert,OU=Prestataires Externes,OU=Utilisateurs,DC=contoso,DC=fr","True","Estelle","estellej@contoso.fr","CN=Laurent Mallet,OU=Conseil en Stratégie,OU=Utilisateurs,DC=contoso,DC=fr","Estelle Joubert","user","c6083bbc-d33d-4ee6-b1d2-623893b47535","04 65 71 77 94","estellej","S-1-5-21-331390976-2650875657-2422772959-1816","Joubert","Joubert","Consultant en stratégie","estelle.joubert@contoso.fr","Lyon"
"Prestataires Externes","CN=Thomas Ziegler,OU=Prestataires Externes,OU=Utilisateurs,DC=contoso,DC=fr","True","Thomas","thomasz@contoso.fr","CN=Maxime Mercier,OU=Gestion de Projet,OU=Utilisateurs,DC=contoso,DC=fr","Thomas Ziegler","user","41e635b7-adc4-4bd4-bfcc-21dfdb116222","01 99 00 69 63","thomasz","S-1-5-21-331390976-2650875657-2422772959-1817","Ziegler","Ziegler","Chef de projet","thomas.ziegler@contoso.fr","Paris"
"Prestataires Externes","CN=Sébastien Berger,OU=Prestataires Externes,OU=Utilisateurs,DC=contoso,DC=fr","True","Sébastien","sebastienb@contoso.fr","CN=Laurent Mallet,OU=Conseil en Stratégie,OU=Utilisateurs,DC=contoso,DC=fr","Sébastien Berger","user","936a0c68-bb88-44fd-8139-4eb75ec77f73","04 65 71 31 55","sebastienb","S-1-5-21-331390976-2650875657-2422772959-1818","Berger","Berger","Consultant en stratégie","sebastien.berger@contoso.fr","Lyon"
"Prestataires Externes","CN=Ludovic Tanguy,OU=Prestataires Externes,OU=Utilisateurs,DC=contoso,DC=fr","True","Ludovic","ludovict@contoso.fr","CN=Maxime Mercier,OU=Gestion de Projet,OU=Utilisateurs,DC=contoso,DC=fr","Ludovic Tanguy","user","8f2ba7bb-e55c-4f06-b8fc-c2f1595b684f","01 99 00 71 39","ludovict","S-1-5-21-331390976-2650875657-2422772959-1819","Tanguy","Tanguy","Chef de projet","ludovic.tanguy@contoso.fr","Paris"
"Prestataires Externes","CN=Mélanie Clerc,OU=Prestataires Externes,OU=Utilisateurs,DC=contoso,DC=fr","True","Mélanie","melaniec@contoso.fr","CN=Maxime Mercier,OU=Gestion de Projet,OU=Utilisateurs,DC=contoso,DC=fr","Mélanie Clerc","user","e9008cec-b2a8-4f45-91b1-6a09ae10cd47","01 99 00 14 13","melaniec","S-1-5-21-331390976-2650875657-2422772959-1820","Clerc","Clerc","Chef de projet","melanie.clerc@contoso.fr","Paris"
"Prestataires Externes","CN=Cédric Girard,OU=Prestataires Externes,OU=Utilisateurs,DC=contoso,DC=fr","True","Cédric","cedricg@contoso.fr","CN=Maxime Mercier,OU=Gestion de Projet,OU=Utilisateurs,DC=contoso,DC=fr","Cédric Girard","user","d7fc5e1b-279d-4263-8e46-50ddf3031fea","01 99 00 45 36","cedricg","S-1-5-21-331390976-2650875657-2422772959-1821","Girard","Girard","Chef de projet","cedric.girard@contoso.fr","Paris"
"Prestataires Externes","CN=Delphine Ziegler,OU=Prestataires Externes,OU=Utilisateurs,DC=contoso,DC=fr","True","Delphine","delphinez@contoso.fr","CN=Maxime Mercier,OU=Gestion de Projet,OU=Utilisateurs,DC=contoso,DC=fr","Delphine Ziegler","user","0a15a779-2a72-43c3-8002-850ab93db8f0","01 99 00 18 33","delphinez","S-1-5-21-331390976-2650875657-2422772959-1822","Ziegler","Ziegler","Chef de projet","delphine.ziegler@contoso.fr","Paris"
"Prestataires Externes","CN=Maxime Tessier,OU=Prestataires Externes,OU=Utilisateurs,DC=contoso,DC=fr","True","Maxime","maximet@contoso.fr","CN=Maxime Mercier,OU=Gestion de Projet,OU=Utilisateurs,DC=contoso,DC=fr","Maxime Tessier","user","1566b672-2488-4b58-ab09-9b62d3a4b9a5","01 99 00 24 64","maximet","S-1-5-21-331390976-2650875657-2422772959-1823","Tessier","Tessier","Chef de projet","maxime.tessier@contoso.fr","Paris"
"Prestataires Externes","CN=Nicolas Delaunay,OU=Prestataires Externes,OU=Utilisateurs,DC=contoso,DC=fr","True","Nicolas","nicolasd@contoso.fr","CN=Maxime Mercier,OU=Gestion de Projet,OU=Utilisateurs,DC=contoso,DC=fr","Nicolas Delaunay","user","f4a59b38-d5fa-4ae5-8afe-b4fde603dad9","01 99 00 87 93","nicolasd","S-1-5-21-331390976-2650875657-2422772959-1824","Delaunay","Delaunay","Chef de projet","nicolas.delaunay@contoso.fr","Paris"
"Comptabilité","CN=Benoît Girard,OU=Comptabilité,OU=Utilisateurs,DC=contoso,DC=fr","True","Benoît","benoitg@contoso.fr","CN=Antoine Lefebvre,OU=Comptabilité,OU=Utilisateurs,DC=contoso,DC=fr","Benoît Girard","user","4641face-6a59-4055-bc0b-29db4b3b1672","01 99 00 25 97","benoitg","S-1-5-21-331390976-2650875657-2422772959-1825","Girard","Girard","Comptable","benoit.girard@contoso.fr","Paris"
"Prestataires Externes","CN=Benoît Huet,OU=Prestataires Externes,OU=Utilisateurs,DC=contoso,DC=fr","True","Benoît","benoith@contoso.fr","CN=Laurent Mallet,OU=Conseil en Stratégie,OU=Utilisateurs,DC=contoso,DC=fr","Benoît Huet","user","c6279aa8-6854-42af-bdee-da4f7cd7696d","04 65 71 84 52","benoith","S-1-5-21-331390976-2650875657-2422772959-1826","Huet","Huet","Consultant en stratégie","benoit.huet@contoso.fr","Lyon"
"Conseil en Stratégie","CN=Guillaume Barbier,OU=Conseil en Stratégie,OU=Utilisateurs,DC=contoso,DC=fr","True","Guillaume","guillaumeb@contoso.fr","CN=Hugo Baron,OU=Conseil en Stratégie,OU=Utilisateurs,DC=contoso,DC=fr","Guillaume Barbier","user","d20f9cd0-3cc4-4f13-8b11-8305abe0bb2b","01 99 00 68 64","guillaumeb","S-1-5-21-331390976-2650875657-2422772959-1827","Barbier","Barbier","Consultant en stratégie","guillaume.barbier@contoso.fr","Paris"
"Conseil Gestion de Contenu","CN=Virginie Cousin,OU=Conseil Gestion de Contenu,OU=Utilisateurs,DC=contoso,DC=fr","True","Virginie","virginiec@contoso.fr","CN=Grégory Chevalier,OU=Conseil Gestion de Contenu,OU=Utilisateurs,DC=contoso,DC=fr","Virginie Cousin","user","980f27ce-66f2-4fb4-8639-12849a484e92","04 65 71 38 89","virginiec","S-1-5-21-331390976-2650875657-2422772959-1828","Cousin","Cousin","Consultant gestion de contenu","virginie.cousin@contoso.fr","Lyon"
"Conseil Gestion de Contenu","CN=Arnaud Galland,OU=Conseil Gestion de Contenu,OU=Utilisateurs,DC=contoso,DC=fr","True","Arnaud","arnaudg@contoso.fr","CN=Grégory Chevalier,OU=Conseil Gestion de Contenu,OU=Utilisateurs,DC=contoso,DC=fr","Arnaud Galland","user","d97650ab-db13-4f64-9126-f88670e1c084","04 65 71 16 59","arnaudg","S-1-5-21-331390976-2650875657-2422772959-1829","Galland","Galland","Consultant gestion de contenu","arnaud.galland@contoso.fr","Lyon"
"Conseil Gestion de Contenu","CN=Clémence Marchand,OU=Conseil Gestion de Contenu,OU=Utilisateurs,DC=contoso,DC=fr","True","Clémence","clemencem@contoso.fr","CN=Grégory Chevalier,OU=Conseil Gestion de Contenu,OU=Utilisateurs,DC=contoso,DC=fr","Clémence Marchand","user","29dcc0c2-e14d-4eb4-8d0c-eeffee01b314","04 65 71 41 57","clemencem","S-1-5-21-331390976-2650875657-2422772959-1830","Marchand","Marchand","Consultant gestion de contenu","clemence.marchand@contoso.fr","Lyon"
"Stratégie CRM","CN=Thomas Mallet,OU=Stratégie CRM,OU=Utilisateurs,DC=contoso,DC=fr","True","Thomas","thomasm@contoso.fr","CN=Olivier Leclerc,OU=Stratégie CRM,OU=Utilisateurs,DC=contoso,DC=fr","Thomas Mallet","user","509cd11b-74bf-4d4d-a19c-1f740e7e4db7","","thomasm","S-1-5-21-331390976-2650875657-2422772959-1831","Mallet","Mallet","Consultant CRM","thomas.mallet@contoso.fr","Paris"
"Conseil en Stratégie","CN=Hugo Ménard,OU=Conseil en Stratégie,OU=Utilisateurs,DC=contoso,DC=fr","True","Hugo","hugom@contoso.fr","CN=Sandrine Pichon,OU=Conseil en Stratégie,OU=Utilisateurs,DC=contoso,DC=fr","Hugo Ménard","user","e58f3e62-e71c-48d7-aa55-7a0606ac5ec9","01 99 00 71 67","hugom","S-1-5-21-331390976-2650875657-2422772959-1832","Ménard","Ménard","Consultant en stratégie","hugo.menard@contoso.fr","Paris"
"Conseil Gestion de Contenu","CN=Sarah Brunet,OU=Conseil Gestion de Contenu,OU=Utilisateurs,DC=contoso,DC=fr","True","Sarah","sarahb@contoso.fr","CN=Grégory Chevalier,OU=Conseil Gestion de Contenu,OU=Utilisateurs,DC=contoso,DC=fr","Sarah Brunet","user","501b0760-1220-41d9-8dd0-f6be960717f8","04 65 71 72 13","sarahb","S-1-5-21-331390976-2650875657-2422772959-1833","Brunet","Brunet","Responsable des processus métier","sarah.brunet@contoso.fr","Lyon"
"Conseil Gestion de Contenu","CN=Laetitia Jacquet,OU=Conseil Gestion de Contenu,OU=Utilisateurs,DC=contoso,DC=fr","True","Laetitia","laetitiaj@contoso.fr","CN=Grégory Chevalier,OU=Conseil Gestion de Contenu,OU=Utilisateurs,DC=contoso,DC=fr","Laetitia Jacquet","user","6b1b2f88-0f3c-429f-8ad7-1535a1dabb3e","04 65 71 64 48","laetitiaj","S-1-5-21-331390976-2650875657-2422772959-1834","Jacquet","Jacquet","Consultant gestion de contenu","laetitia.jacquet@contoso.fr","Lyon"
"Ingénierie et Production","CN=Morgane Huet,OU=Ingénierie et Production,OU=Utilisateurs,DC=contoso,DC=fr","True","Morgane","morganeh@contoso.fr","CN=Océane Baron,OU=Ingénierie et Production,OU=Utilisateurs,DC=contoso,DC=fr","Morgane Huet","user","a6a98baa-cacc-409f-beb4-22c3a807a473","03 53 01 98 21","morganeh","S-1-5-21-331390976-2650875657-2422772959-1835","Huet","Huet","Ingénieur","morgane.huet@contoso.fr","Metz"
"Conseil en Stratégie","CN=Sophie Fournier,OU=Conseil en Stratégie,OU=Utilisateurs,DC=contoso,DC=fr","True","Sophie","sophief@contoso.fr","CN=Océane Hubert,OU=Conseil en Stratégie,OU=Utilisateurs,DC=contoso,DC=fr","Sophie Fournier","user","3193eddf-826d-40cb-97e5-29d899f0be96","03 53 01 22 97","sophief","S-1-5-21-331390976-2650875657-2422772959-1836","Fournier","Fournier","Consultant en stratégie","sophie.fournier@contoso.fr","Metz"
"Direction Commerciale","CN=Delphine Paulin,OU=Direction Commerciale,OU=Utilisateurs,DC=contoso,DC=fr","True","Delphine","delphinep@contoso.fr","CN=Élodie Imbert,OU=Direction Commerciale,OU=Utilisateurs,DC=contoso,DC=fr","Delphine Paulin","user","82919424-4615-4a6c-8922-0719b4e8c3a7","01 99 00 83 32","delphinep","S-1-5-21-331390976-2650875657-2422772959-1837","Paulin","Paulin","Commercial","delphine.paulin@contoso.fr","Paris"
"Conseil en Stratégie","CN=Jérôme Sauvage,OU=Conseil en Stratégie,OU=Utilisateurs,DC=contoso,DC=fr","True","Jérôme","jeromes@contoso.fr","CN=Hugo Baron,OU=Conseil en Stratégie,OU=Utilisateurs,DC=contoso,DC=fr","Jérôme Sauvage","user","334959d2-aa9c-4a16-9de6-a81831dc5fa6","01 99 00 84 54","jeromes","S-1-5-21-331390976-2650875657-2422772959-1838","Sauvage","Sauvage","Consultant en stratégie","jerome.sauvage@contoso.fr","Paris"
"Conseil en Stratégie","CN=Mathieu Maillard,OU=Conseil en Stratégie,OU=Utilisateurs,DC=contoso,DC=fr","True","Mathieu","mathieum@contoso.fr","CN=Élodie Caron,OU=Conseil en Stratégie,OU=Utilisateurs,DC=contoso,DC=fr","Mathieu Maillard","user","230a05a1-554c-4adb-b4e5-77bb32f2e9bf","03 53 01 14 43","mathieum","S-1-5-21-331390976-2650875657-2422772959-1839","Maillard","Maillard","Consultant en stratégie","mathieu.maillard@contoso.fr","Metz"
"Conseil en Stratégie","CN=Damien Bouvier,OU=Conseil en Stratégie,OU=Utilisateurs,DC=contoso,DC=fr","True","Damien","damienb@contoso.fr","CN=Sandrine Pichon,OU=Conseil en Stratégie,OU=Utilisateurs,DC=contoso,DC=fr","Damien Bouvier","user","4a783fb5-dabc-4f4f-8a2f-b1c90b8efe16","01 99 00 47 47","damienb","S-1-5-21-331390976-2650875657-2422772959-1840","Bouvier","Bouvier","Consultant en stratégie","damien.bouvier@contoso.fr","Paris"
"Prestataires Externes","CN=Ludovic Girard,OU=Prestataires Externes,OU=Utilisateurs,DC=contoso,DC=fr","True","Ludovic","ludovicg@contoso.fr","CN=Maxime Mercier,OU=Gestion de Projet,OU=Utilisateurs,DC=contoso,DC=fr","Ludovic Girard","user","dd5cb399-40ae-4fd5-853f-bcf495052b81","01 99 00 41 12","ludovicg","S-1-5-21-331390976-2650875657-2422772959-1841","Girard","Girard","Chef de projet","ludovic.girard@contoso.fr","Paris"
"Conseil en Stratégie","CN=Manon Leroux,OU=Conseil en Stratégie,OU=Utilisateurs,DC=contoso,DC=fr","True","Manon","manonl@contoso.fr","CN=Élodie Caron,OU=Conseil en Stratégie,OU=Utilisateurs,DC=contoso,DC=fr","Manon Leroux","user","ec6c80af-e6f6-4db2-9562-3fc6e2fd7f2e","04 65 71 19 13","manonl","S-1-5-21-331390976-2650875657-2422772959-1842","Leroux","Leroux","Consultant en stratégie","manon.leroux@contoso.fr","Lyon"
"Comptabilité","CN=Amandine Masse,OU=Comptabilité,OU=Utilisateurs,DC=contoso,DC=fr","True","Amandine","amandinem@contoso.fr","CN=Antoine Lefebvre,OU=Comptabilité,OU=Utilisateurs,DC=contoso,DC=fr","Amandine Masse","user","8006fa53-332a-4169-85b3-4ad056f4cc12","01 99 00 77 77","amandinem","S-1-5-21-331390976-2650875657-2422772959-1843","Masse","Masse","Responsable comptable","amandine.masse@contoso.fr","Paris"
"Comptabilité","CN=Maxime Fontaine,OU=Comptabilité,OU=Utilisateurs,DC=contoso,DC=fr","True","Maxime","maximef@contoso.fr","CN=Antoine Lefebvre,OU=Comptabilité,OU=Utilisateurs,DC=contoso,DC=fr","Maxime Fontaine","user","5a9e505a-a18f-4bf7-954e-255cd1ceafec","01 99 00 95 59","maximef","S-1-5-21-331390976-2650875657-2422772959-1844","Fontaine","Fontaine","Comptable","maxime.fontaine@contoso.fr","Paris"
"Comptabilité","CN=Jérôme Poirier,OU=Comptabilité,OU=Utilisateurs,DC=contoso,DC=fr","True","Jérôme","jeromep@contoso.fr","CN=Antoine Lefebvre,OU=Comptabilité,OU=Utilisateurs,DC=contoso,DC=fr","Jérôme Poirier","user","acb51c31-6b51-4d80-bdb5-f55f982cdaf6","01 99 00 68 48","jeromep","S-1-5-21-331390976-2650875657-2422772959-1845","Poirier","Poirier","Comptable","jerome.poirier@contoso.fr","Paris"
"Conseil en Stratégie","CN=Aurélie Baron,OU=Conseil en Stratégie,OU=Utilisateurs,DC=contoso,DC=fr","True","Aurélie","aurelieb@contoso.fr","CN=Hugo Baron,OU=Conseil en Stratégie,OU=Utilisateurs,DC=contoso,DC=fr","Aurélie Baron","user","c12c238f-5f1a-4e26-8786-536be9589214","03 53 01 58 46","aurelieb","S-1-5-21-331390976-2650875657-2422772959-1846","Baron","Baron","Consultant en stratégie","aurelie.baron@contoso.fr","Metz"
"Conseil en Stratégie","CN=Sébastien Dupont,OU=Conseil en Stratégie,OU=Utilisateurs,DC=contoso,DC=fr","True","Sébastien","sebastiend@contoso.fr","CN=Océane Hubert,OU=Conseil en Stratégie,OU=Utilisateurs,DC=contoso,DC=fr","Sébastien Dupont","user","94594a6a-d619-403b-a2c4-df1a6dd243af","04 65 71 34 49","sebastiend","S-1-5-21-331390976-2650875657-2422772959-1847","Dupont","Dupont","Consultant en stratégie","sebastien.dupont@contoso.fr","Lyon"
"Conseil en Stratégie","CN=Julien Boyer,OU=Conseil en Stratégie,OU=Utilisateurs,DC=contoso,DC=fr","True","Julien","julienb@contoso.fr","CN=Ludovic Hamon,OU=Conseil en Stratégie,OU=Utilisateurs,DC=contoso,DC=fr","Julien Boyer","user","a2455199-3552-440d-b834-2f92701b5713","01 99 00 45 95","julienb","S-1-5-21-331390976-2650875657-2422772959-1848","Boyer","Boyer","Consultant en stratégie","julien.boyer@contoso.fr","Paris"
"Conseil en Stratégie","CN=Fabien Cordier,OU=Conseil en Stratégie,OU=Utilisateurs,DC=contoso,DC=fr","True","Fabien","fabienc@contoso.fr","CN=Sandrine Pichon,OU=Conseil en Stratégie,OU=Utilisateurs,DC=contoso,DC=fr","Fabien Cordier","user","bc1a8902-3723-4595-82c5-abef33280605","03 53 01 48 86","fabienc","S-1-5-21-331390976-2650875657-2422772959-1849","Cordier","Cordier","Consultant en stratégie","fabien.cordier@contoso.fr","Metz"
"Conseil en Stratégie","CN=Baptiste Imbert,OU=Conseil en Stratégie,OU=Utilisateurs,DC=contoso,DC=fr","True","Baptiste","baptistei@contoso.fr","CN=Océane Hubert,OU=Conseil en Stratégie,OU=Utilisateurs,DC=contoso,DC=fr","Baptiste Imbert","user","85c26295-3d53-4693-b74a-0a892268728c","01 99 00 45 57","baptistei","S-1-5-21-331390976-2650875657-2422772959-1850","Imbert","Imbert","Consultant en stratégie","baptiste.imbert@contoso.fr","Paris"
"Conseil en Stratégie","CN=Pauline Mercier,OU=Conseil en Stratégie,OU=Utilisateurs,DC=contoso,DC=fr","True","Pauline","paulinem@contoso.fr","CN=Hugo Baron,OU=Conseil en Stratégie,OU=Utilisateurs,DC=contoso,DC=fr","Pauline Mercier","user","9dcc4bd9-6fe3-4228-b3c0-32ee0aa83d59","03 53 01 82 23","paulinem","S-1-5-21-331390976-2650875657-2422772959-1851","Mercier","Mercier","Consultant en stratégie","pauline.mercier@contoso.fr","Metz"
"Conseil en Stratégie","CN=Virginie Rey,OU=Conseil en Stratégie,OU=Utilisateurs,DC=contoso,DC=fr","True","Virginie","virginier@contoso.fr","CN=Océane Hubert,OU=Conseil en Stratégie,OU=Utilisateurs,DC=contoso,DC=fr","Virginie Rey","user","2cfec94e-ced9-41c2-bc54-c29f4bd2f3a8","01 99 00 66 21","virginier","S-1-5-21-331390976-2650875657-2422772959-1852","Rey","Rey","Consultant en stratégie","virginie.rey@contoso.fr","Paris"
"Conseil en Stratégie","CN=Manon Turpin,OU=Conseil en Stratégie,OU=Utilisateurs,DC=contoso,DC=fr","True","Manon","manont@contoso.fr","CN=Ludovic Hamon,OU=Conseil en Stratégie,OU=Utilisateurs,DC=contoso,DC=fr","Manon Turpin","user","0f6e0712-63ea-47a3-b209-12b1bda75347","04 65 71 42 95","manont","S-1-5-21-331390976-2650875657-2422772959-1853","Turpin","Turpin","Consultant en stratégie","manon.turpin@contoso.fr","Lyon"
"Conseil en Stratégie","CN=Morgane Caron,OU=Conseil en Stratégie,OU=Utilisateurs,DC=contoso,DC=fr","True","Morgane","morganec@contoso.fr","CN=Sandrine Pichon,OU=Conseil en Stratégie,OU=Utilisateurs,DC=contoso,DC=fr","Morgane Caron","user","4f22439d-d769-46ec-a4cb-6fd4a05fbf23","01 99 00 83 98","morganec","S-1-5-21-331390976-2650875657-2422772959-1854","Caron","Caron","Consultant en stratégie","morgane.caron@contoso.fr","Paris"
"Conseil en Stratégie","CN=Aurélie Duval,OU=Conseil en Stratégie,OU=Utilisateurs,DC=contoso,DC=fr","True","Aurélie","aurelied@contoso.fr","CN=Élodie Caron,OU=Conseil en Stratégie,OU=Utilisateurs,DC=contoso,DC=fr","Aurélie Duval","user","11afd577-064c-41a9-8a91-6635b8807294","01 99 00 52 95","aurelied","S-1-5-21-331390976-2650875657-2422772959-1855","Duval","Duval","Consultant en stratégie","aurelie.duval@contoso.fr","Paris"
"Conseil Gestion de Contenu","CN=Manon Bertin,OU=Conseil Gestion de Contenu,OU=Utilisateurs,DC=contoso,DC=fr","True","Manon","manonb@contoso.fr","CN=Grégory Chevalier,OU=Conseil Gestion de Contenu,OU=Utilisateurs,DC=contoso,DC=fr","Manon Bertin","user","e9ad21c4-767b-44f7-be8a-e256e9e77002","04 65 71 39 84","manonb","S-1-5-21-331390976-2650875657-2422772959-1856","Bertin","Bertin","Consultant gestion de contenu","manon.bertin@contoso.fr","Lyon"
"Conseil en Stratégie","CN=Vincent Weber,OU=Conseil en Stratégie,OU=Utilisateurs,DC=contoso,DC=fr","True","Vincent","vincentw@contoso.fr","CN=Ludovic Hamon,OU=Conseil en Stratégie,OU=Utilisateurs,DC=contoso,DC=fr","Vincent Weber","user","6336e033-261a-4b4c-b800-3f407008ec7e","03 53 01 88 79","vincentw","S-1-5-21-331390976-2650875657-2422772959-1857","Weber","Weber","Consultant en stratégie","vincent.weber@contoso.fr","Metz"
"Gestion de Projet","CN=Quentin Rousseau,OU=Gestion de Projet,OU=Utilisateurs,DC=contoso,DC=fr","True","Quentin","quentinr@contoso.fr","CN=Pierre Lemoine,OU=Gestion de Projet,OU=Utilisateurs,DC=contoso,DC=fr","Quentin Rousseau","user","c38e3f7b-c5b1-4ba0-b7b8-4bcf317e7db8","04 65 71 22 46","quentinr","S-1-5-21-331390976-2650875657-2422772959-1858","Rousseau","Rousseau","Chef de projet senior","quentin.rousseau@contoso.fr","Lyon"
"Direction Commerciale","CN=Benoît Kieffer,OU=Direction Commerciale,OU=Utilisateurs,DC=contoso,DC=fr","True","Benoît","benoitk@contoso.fr","CN=Baptiste Guérin,OU=Direction Commerciale,OU=Utilisateurs,DC=contoso,DC=fr","Benoît Kieffer","user","27f11da9-3adb-4e08-8cf0-b7f8be26f2b9","","benoitk","S-1-5-21-331390976-2650875657-2422772959-1859","Kieffer","Kieffer","Commercial","benoit.kieffer@contoso.fr","Metz"
"Gestion de Projet","CN=Margaux Régnier,OU=Gestion de Projet,OU=Utilisateurs,DC=contoso,DC=fr","True","Margaux","margauxr@contoso.fr","CN=Nathalie Barbier,OU=Gestion de Projet,OU=Utilisateurs,DC=contoso,DC=fr","Margaux Régnier","user","e270560d-a319-44cb-8272-9f233fee39c0","04 65 71 26 99","margauxr","S-1-5-21-331390976-2650875657-2422772959-1860","Régnier","Régnier","Chef de projet","margaux.regnier@contoso.fr","Lyon"
"Direction Commerciale","CN=Nicolas Renaud,OU=Direction Commerciale,OU=Utilisateurs,DC=contoso,DC=fr","True","Nicolas","nicolasr@contoso.fr","CN=Guillaume Fontaine,OU=Pilotage des Affaires,OU=Utilisateurs,DC=contoso,DC=fr","Nicolas Renaud","user","1a0d0c4c-35b4-4956-a10a-d11ffbc519d5","","nicolasr","S-1-5-21-331390976-2650875657-2422772959-1861","Renaud","Renaud","Commercial","nicolas.renaud@contoso.fr","Lyon"
"Direction Commerciale","CN=Étienne Dumas,OU=Direction Commerciale,OU=Utilisateurs,DC=contoso,DC=fr","True","Étienne","etienned@contoso.fr","CN=Bastien Rey,OU=Pilotage des Affaires,OU=Utilisateurs,DC=contoso,DC=fr","Étienne Dumas","user","daf00fa4-53f0-4732-a404-1e7a164f77a1","01 99 00 73 95","etienned","S-1-5-21-331390976-2650875657-2422772959-1862","Dumas","Dumas","Commercial","etienne.dumas@contoso.fr","Paris"
"Gestion de Projet","CN=Nicolas Hervé,OU=Gestion de Projet,OU=Utilisateurs,DC=contoso,DC=fr","True","Nicolas","nicolash@contoso.fr","CN=Pierre Lemoine,OU=Gestion de Projet,OU=Utilisateurs,DC=contoso,DC=fr","Nicolas Hervé","user","1755cd16-eaa9-4d8d-9e0b-d6bb87c40479","03 53 01 64 92","nicolash","S-1-5-21-331390976-2650875657-2422772959-1863","Hervé","Hervé","Chef de projet","nicolas.herve@contoso.fr","Metz"
"Direction Commerciale","CN=Sophie Marchand,OU=Direction Commerciale,OU=Utilisateurs,DC=contoso,DC=fr","True","Sophie","sophiem@contoso.fr","CN=Quentin Joubert,OU=Pilotage des Affaires,OU=Utilisateurs,DC=contoso,DC=fr","Sophie Marchand","user","d2c272c5-1aff-46a0-a364-c101e2e22678","04 65 71 92 64","sophiem","S-1-5-21-331390976-2650875657-2422772959-1864","Marchand","Marchand","Commercial","sophie.marchand@contoso.fr","Lyon"
"Gestion de Projet","CN=Isabelle Vidal,OU=Gestion de Projet,OU=Utilisateurs,DC=contoso,DC=fr","True","Isabelle","isabellev@contoso.fr","CN=Étienne Girard,OU=Gestion de Projet,OU=Utilisateurs,DC=contoso,DC=fr","Isabelle Vidal","user","77f897be-83f6-4ad6-aec6-0b051223bb82","04 65 71 92 67","isabellev","S-1-5-21-331390976-2650875657-2422772959-1865","Vidal","Vidal","Chef de projet","isabelle.vidal@contoso.fr","Lyon"
"Gestion de Projet","CN=Audrey Dumas,OU=Gestion de Projet,OU=Utilisateurs,DC=contoso,DC=fr","True","Audrey","audreyd@contoso.fr","CN=Anaïs Weber,OU=Gestion de Projet,OU=Utilisateurs,DC=contoso,DC=fr","Audrey Dumas","user","0f42a43f-7ae4-4e1d-aca2-8ed2f48da070","01 99 00 34 48","audreyd","S-1-5-21-331390976-2650875657-2422772959-1866","Dumas","Dumas","Chef de projet","audrey.dumas@contoso.fr","Paris"
"Gestion de Projet","CN=Nicolas Colin,OU=Gestion de Projet,OU=Utilisateurs,DC=contoso,DC=fr","True","Nicolas","nicolasc@contoso.fr","CN=Anaïs Weber,OU=Gestion de Projet,OU=Utilisateurs,DC=contoso,DC=fr","Nicolas Colin","user","17cc34d0-fda3-4061-a35b-989d01b1975e","01 99 00 47 38","nicolasc","S-1-5-21-331390976-2650875657-2422772959-1867","Colin","Colin","Chef de projet","nicolas.colin@contoso.fr","Paris"
"Gestion de Projet","CN=Alexandre Sauvage,OU=Gestion de Projet,OU=Utilisateurs,DC=contoso,DC=fr","True","Alexandre","alexandres@contoso.fr","CN=Anaïs Weber,OU=Gestion de Projet,OU=Utilisateurs,DC=contoso,DC=fr","Alexandre Sauvage","user","52d68cec-3ea1-4efa-9502-a9f7855da055","04 65 71 98 48","alexandres","S-1-5-21-331390976-2650875657-2422772959-1868","Sauvage","Sauvage","Chef de projet senior","alexandre.sauvage@contoso.fr","Lyon"
"Gestion de Projet","CN=Mathieu Ollivier,OU=Gestion de Projet,OU=Utilisateurs,DC=contoso,DC=fr","True","Mathieu","mathieuo@contoso.fr","CN=Florian Ozanne,OU=Gestion de Projet,OU=Utilisateurs,DC=contoso,DC=fr","Mathieu Ollivier","user","134976da-0e4a-4b54-8296-88ec813ee99c","01 99 00 24 74","mathieuo","S-1-5-21-331390976-2650875657-2422772959-1869","Ollivier","Ollivier","Chef de projet","mathieu.ollivier@contoso.fr","Paris"
"Direction Commerciale","CN=Isabelle Loiseau,OU=Direction Commerciale,OU=Utilisateurs,DC=contoso,DC=fr","True","Isabelle","isabellel@contoso.fr","CN=Guillaume Fontaine,OU=Pilotage des Affaires,OU=Utilisateurs,DC=contoso,DC=fr","Isabelle Loiseau","user","36ea36ef-6c7a-4a1f-b146-2f006196f4dd","01 99 00 38 23","isabellel","S-1-5-21-331390976-2650875657-2422772959-1870","Loiseau","Loiseau","Commercial","isabelle.loiseau@contoso.fr","Paris"
"Gestion de Projet","CN=Camille Fontaine,OU=Gestion de Projet,OU=Utilisateurs,DC=contoso,DC=fr","True","Camille","camillef@contoso.fr","CN=Florian Ozanne,OU=Gestion de Projet,OU=Utilisateurs,DC=contoso,DC=fr","Camille Fontaine","user","314ee328-bd7f-442e-b1d9-44b29f93f96a","01 99 00 83 82","camillef","S-1-5-21-331390976-2650875657-2422772959-1871","Fontaine","Fontaine","Chef de projet","camille.fontaine@contoso.fr","Paris"
"Gestion de Projet","CN=Hugo Cordier,OU=Gestion de Projet,OU=Utilisateurs,DC=contoso,DC=fr","True","Hugo","hugoc@contoso.fr","CN=Nathalie Barbier,OU=Gestion de Projet,OU=Utilisateurs,DC=contoso,DC=fr","Hugo Cordier","user","2727030f-81d6-4816-8bea-ee84608204bc","04 65 71 16 94","hugoc","S-1-5-21-331390976-2650875657-2422772959-1872","Cordier","Cordier","Chef de projet","hugo.cordier@contoso.fr","Lyon"
"Gestion de Projet","CN=Lucie Fontaine,OU=Gestion de Projet,OU=Utilisateurs,DC=contoso,DC=fr","True","Lucie","lucief@contoso.fr","CN=Florian Ozanne,OU=Gestion de Projet,OU=Utilisateurs,DC=contoso,DC=fr","Lucie Fontaine","user","7eb81280-e285-4a1a-a1df-bd332fa9ec25","04 65 71 65 61","lucief","S-1-5-21-331390976-2650875657-2422772959-1873","Fontaine","Fontaine","Chef de projet","lucie.fontaine@contoso.fr","Lyon"
"Gestion de Projet","CN=Mathieu Huet,OU=Gestion de Projet,OU=Utilisateurs,DC=contoso,DC=fr","True","Mathieu","mathieuh@contoso.fr","CN=Florian Ozanne,OU=Gestion de Projet,OU=Utilisateurs,DC=contoso,DC=fr","Mathieu Huet","user","4b17322a-7f61-4d6a-8ec2-e38d5024af99","03 53 01 92 99","mathieuh","S-1-5-21-331390976-2650875657-2422772959-1874","Huet","Huet","Chef de projet","mathieu.huet@contoso.fr","Metz"
"Gestion de Projet","CN=Sophie Rousseau,OU=Gestion de Projet,OU=Utilisateurs,DC=contoso,DC=fr","True","Sophie","sophier@contoso.fr","CN=Florian Ozanne,OU=Gestion de Projet,OU=Utilisateurs,DC=contoso,DC=fr","Sophie Rousseau","user","96d25c15-e37f-455c-b75f-69e5da969cc0","01 99 00 54 88","sophier","S-1-5-21-331390976-2650875657-2422772959-1875","Rousseau","Rousseau","Chef de projet","sophie.rousseau@contoso.fr","Paris"
"Gestion de Projet","CN=Bastien Perrin,OU=Gestion de Projet,OU=Utilisateurs,DC=contoso,DC=fr","True","Bastien","bastienp@contoso.fr","CN=Florian Ozanne,OU=Gestion de Projet,OU=Utilisateurs,DC=contoso,DC=fr","Bastien Perrin","user","999dfb79-ae8a-46b5-96dd-9a4a665f1c83","01 99 00 38 74","bastienp","S-1-5-21-331390976-2650875657-2422772959-1876","Perrin","Perrin","Responsable des processus métier","bastien.perrin@contoso.fr","Paris"
"Gestion de Projet","CN=Cédric Huet,OU=Gestion de Projet,OU=Utilisateurs,DC=contoso,DC=fr","True","Cédric","cedrich@contoso.fr","CN=Florian Ozanne,OU=Gestion de Projet,OU=Utilisateurs,DC=contoso,DC=fr","Cédric Huet","user","4c46b704-4290-4fc4-bf7f-3e36e1afc0dc","01 99 00 69 53","cedrich","S-1-5-21-331390976-2650875657-2422772959-1877","Huet","Huet","Responsable des processus métier","cedric.huet@contoso.fr","Paris"
"Gestion de Projet","CN=Laetitia Masse,OU=Gestion de Projet,OU=Utilisateurs,DC=contoso,DC=fr","True","Laetitia","laetitiam@contoso.fr","CN=Pierre Lemoine,OU=Gestion de Projet,OU=Utilisateurs,DC=contoso,DC=fr","Laetitia Masse","user","f3631d6c-f336-4b68-82c7-54c0298f62ff","01 99 00 14 71","laetitiam","S-1-5-21-331390976-2650875657-2422772959-1878","Masse","Masse","Chef de projet senior","laetitia.masse@contoso.fr","Paris"
"Gestion de Projet","CN=Olivier Mallet,OU=Gestion de Projet,OU=Utilisateurs,DC=contoso,DC=fr","True","Olivier","olivierm@contoso.fr","CN=Florian Ozanne,OU=Gestion de Projet,OU=Utilisateurs,DC=contoso,DC=fr","Olivier Mallet","user","7491b038-f6dc-42c9-a856-928af8de77d6","03 53 01 65 52","olivierm","S-1-5-21-331390976-2650875657-2422772959-1879","Mallet","Mallet","Responsable des processus métier","olivier.mallet@contoso.fr","Metz"
"Gestion de Projet","CN=Xavier Esnault,OU=Gestion de Projet,OU=Utilisateurs,DC=contoso,DC=fr","True","Xavier","xaviere@contoso.fr","CN=Florian Ozanne,OU=Gestion de Projet,OU=Utilisateurs,DC=contoso,DC=fr","Xavier Esnault","user","2cfc0fba-86e9-4107-9a1f-c0e2643cf927","04 65 71 29 18","xaviere","S-1-5-21-331390976-2650875657-2422772959-1880","Esnault","Esnault","Responsable des processus métier","xavier.esnault@contoso.fr","Lyon"
"Gestion de Projet","CN=Amandine Dumas,OU=Gestion de Projet,OU=Utilisateurs,DC=contoso,DC=fr","True","Amandine","amandined@contoso.fr","CN=Florian Ozanne,OU=Gestion de Projet,OU=Utilisateurs,DC=contoso,DC=fr","Amandine Dumas","user","9a7c972f-cff2-47b0-9508-0a60ae0bd846","01 99 00 17 83","amandined","S-1-5-21-331390976-2650875657-2422772959-1881","Dumas","Dumas","Chef de projet","amandine.dumas@contoso.fr","Paris"
"Gestion de Projet","CN=Antoine Boyer,OU=Gestion de Projet,OU=Utilisateurs,DC=contoso,DC=fr","True","Antoine","antoineb@contoso.fr","CN=Nathalie Barbier,OU=Gestion de Projet,OU=Utilisateurs,DC=contoso,DC=fr","Antoine Boyer","user","5bddae12-c93b-400e-95ea-7fdd978644f2","04 65 71 66 67","antoineb","S-1-5-21-331390976-2650875657-2422772959-1882","Boyer","Boyer","Chef de projet senior","antoine.boyer@contoso.fr","Lyon"
"Gestion de Projet","CN=Émilie Mercier,OU=Gestion de Projet,OU=Utilisateurs,DC=contoso,DC=fr","True","Émilie","emiliem@contoso.fr","CN=Anaïs Weber,OU=Gestion de Projet,OU=Utilisateurs,DC=contoso,DC=fr","Émilie Mercier","user","d614cab3-cbef-4f76-ac89-6272c4296a5b","01 99 00 42 62","emiliem","S-1-5-21-331390976-2650875657-2422772959-1883","Mercier","Mercier","Chef de projet senior","emilie.mercier@contoso.fr","Paris"
"Exploitation","CN=Bastien Vidal,OU=Exploitation,OU=Utilisateurs,DC=contoso,DC=fr","True","Bastien","bastienv@contoso.fr","CN=Sarah Clerc,OU=Exploitation,OU=Utilisateurs,DC=contoso,DC=fr","Bastien Vidal","user","0855552e-0a9c-49c9-ab7b-b5b2139d68c7","03 53 01 45 39","bastienv","S-1-5-21-331390976-2650875657-2422772959-1884","Vidal","Vidal","Responsable des achats","bastien.vidal@contoso.fr","Metz"
"Gestion de Projet","CN=Pierre Kieffer,OU=Gestion de Projet,OU=Utilisateurs,DC=contoso,DC=fr","True","Pierre","pierrek@contoso.fr","CN=Étienne Girard,OU=Gestion de Projet,OU=Utilisateurs,DC=contoso,DC=fr","Pierre Kieffer","user","0b0be144-c523-49bd-9a1e-ce33380f77d8","03 53 01 81 85","pierrek","S-1-5-21-331390976-2650875657-2422772959-1885","Kieffer","Kieffer","Chef de projet senior","pierre.kieffer@contoso.fr","Metz"
"Pilotage des Affaires","CN=Nathalie Lemoine,OU=Pilotage des Affaires,OU=Utilisateurs,DC=contoso,DC=fr","True","Nathalie","nathaliel@contoso.fr","CN=Guillaume Fontaine,OU=Pilotage des Affaires,OU=Utilisateurs,DC=contoso,DC=fr","Nathalie Lemoine","user","b814383c-7677-4688-9657-b7da87029527","01 99 00 44 46","nathaliel","S-1-5-21-331390976-2650875657-2422772959-1886","Lemoine","Lemoine","Commercial","nathalie.lemoine@contoso.fr","Paris"
"Comité de Direction","CN=Florian Tanguy,OU=Comité de Direction,OU=Utilisateurs,DC=contoso,DC=fr","True","Florian","floriant@contoso.fr","CN=Delphine Bassot,OU=Exploitation,OU=Utilisateurs,DC=contoso,DC=fr","Florian Tanguy","user","3d2f2dfa-243a-402e-870d-60dd49941a28","01 99 00 01 29","floriant","S-1-5-21-331390976-2650875657-2422772959-1887","Tanguy","Tanguy","Directeur de la relation client","florian.tanguy@contoso.fr","Paris"
"Comité de Direction","CN=Élodie Brunet,OU=Comité de Direction,OU=Utilisateurs,DC=contoso,DC=fr","True","Élodie","elodieb@contoso.fr","CN=Quentin Ziegler,OU=Comité de Direction,OU=Utilisateurs,DC=contoso,DC=fr","Élodie Brunet","user","0dd27d49-e37a-4d96-974c-60f1e71ea61c","01 99 00 01 93","elodieb","S-1-5-21-331390976-2650875657-2422772959-1888","Brunet","Brunet","Directeur affiliation et partenariats","elodie.brunet@contoso.fr","Paris"
"Comité de Direction","CN=Cédric Amiot,OU=Comité de Direction,OU=Utilisateurs,DC=contoso,DC=fr","True","Cédric","cedrica@contoso.fr","CN=Maxime Vidal,OU=Marketing,OU=Utilisateurs,DC=contoso,DC=fr","Cédric Amiot","user","b886a5ce-2ea5-4158-9c3d-3d6f0cf7ef40","01 99 00 01 24","cedrica","S-1-5-21-331390976-2650875657-2422772959-1889","Amiot","Amiot","Chargé senior de la planification média","cedric.amiot@contoso.fr","Paris"
"Direction Informatique","CN=Amandine Vaillant,OU=Direction Informatique,OU=Utilisateurs,DC=contoso,DC=fr","True","Amandine","amandinev@contoso.fr","CN=Pauline Poirier,OU=Direction Générale,OU=Utilisateurs,DC=contoso,DC=fr","Amandine Vaillant","user","3d1f6403-e0eb-4324-9640-df6c4f4b3c7b","01 99 00 01 31","amandinev","S-1-5-21-331390976-2650875657-2422772959-1890","Vaillant","Vaillant","Président de la division services","amandine.vaillant@contoso.fr","Paris"
"Comité de Direction","CN=Jérôme Marchand,OU=Comité de Direction,OU=Utilisateurs,DC=contoso,DC=fr","True","Jérôme","jeromem@contoso.fr","CN=Pauline Poirier,OU=Direction Générale,OU=Utilisateurs,DC=contoso,DC=fr","Jérôme Marchand","user","87453529-86f3-419d-99e5-2ab07db70c47","01 99 00 01 40","jeromem","S-1-5-21-331390976-2650875657-2422772959-1891","Marchand","Marchand","Président de la division conseil","jerome.marchand@contoso.fr","Paris"
"Direction Générale","CN=Mathieu Chevalier,OU=Direction Générale,OU=Utilisateurs,DC=contoso,DC=fr","True","Mathieu","mathieuc@contoso.fr","CN=Pauline Renaud,OU=Direction Générale,OU=Utilisateurs,DC=contoso,DC=fr","Mathieu Chevalier","user","5b25c30e-2a5e-40ac-8ee6-03c009d420da","01 99 00 01 07","mathieuc","S-1-5-21-331390976-2650875657-2422772959-1892","Chevalier","Chevalier","Directeur de la stratégie technique","mathieu.chevalier@contoso.fr","Paris"
"Direction Générale","CN=Adrien Vasseur,OU=Direction Générale,OU=Utilisateurs,DC=contoso,DC=fr","True","Adrien","adrienv@contoso.fr","CN=Pauline Renaud,OU=Direction Générale,OU=Utilisateurs,DC=contoso,DC=fr","Adrien Vasseur","user","3b399135-31d6-463b-b91b-368e5b1449d5","01 99 00 01 96","adrienv","S-1-5-21-331390976-2650875657-2422772959-1893","Vasseur","Vasseur","Directeur des partenariats et de la stratégie","adrien.vasseur@contoso.fr","Paris"
"Direction Générale","CN=Guillaume Delaunay,OU=Direction Générale,OU=Utilisateurs,DC=contoso,DC=fr","True","Guillaume","guillaumed@contoso.fr","CN=Pauline Renaud,OU=Direction Générale,OU=Utilisateurs,DC=contoso,DC=fr","Guillaume Delaunay","user","735489b4-7b2c-4f68-a76e-9156de8da5d6","01 99 00 01 16","guillaumed","S-1-5-21-331390976-2650875657-2422772959-1894","Delaunay","Delaunay","Directeur financier","guillaume.delaunay@contoso.fr","Paris"
"Pilotage des Affaires","CN=Adrien Brunet,OU=Pilotage des Affaires,OU=Utilisateurs,DC=contoso,DC=fr","True","Adrien","adrienb@contoso.fr","CN=Quentin Joubert,OU=Pilotage des Affaires,OU=Utilisateurs,DC=contoso,DC=fr","Adrien Brunet","user","dbba0074-e5fc-49ec-bc34-74a6329be754","04 65 71 43 31","adrienb","S-1-5-21-331390976-2650875657-2422772959-1895","Brunet","Brunet","Commercial","adrien.brunet@contoso.fr","Lyon"
"Pilotage des Affaires","CN=Charlotte Joubert,OU=Pilotage des Affaires,OU=Utilisateurs,DC=contoso,DC=fr","True","Charlotte","charlottej@contoso.fr","CN=Quentin Joubert,OU=Pilotage des Affaires,OU=Utilisateurs,DC=contoso,DC=fr","Charlotte Joubert","user","bec96a2e-6811-4aed-92c1-80c10cbef492","04 65 71 56 61","charlottej","S-1-5-21-331390976-2650875657-2422772959-1896","Joubert","Joubert","Commercial","charlotte.joubert@contoso.fr","Lyon"
"Pilotage des Affaires","CN=Julien Pichon,OU=Pilotage des Affaires,OU=Utilisateurs,DC=contoso,DC=fr","True","Julien","julienp@contoso.fr","CN=Quentin Joubert,OU=Pilotage des Affaires,OU=Utilisateurs,DC=contoso,DC=fr","Julien Pichon","user","9c2872a2-9f00-42c0-b00d-4842a0fcaef3","01 99 00 23 63","julienp","S-1-5-21-331390976-2650875657-2422772959-1897","Pichon","Pichon","Commercial","julien.pichon@contoso.fr","Paris"
"Pilotage des Affaires","CN=Nicolas Ferrand,OU=Pilotage des Affaires,OU=Utilisateurs,DC=contoso,DC=fr","True","Nicolas","nicolasf@contoso.fr","CN=Bastien Rey,OU=Pilotage des Affaires,OU=Utilisateurs,DC=contoso,DC=fr","Nicolas Ferrand","user","46724360-4b6e-43c9-bb13-b57c7cbd2a12","04 65 71 77 57","nicolasf","S-1-5-21-331390976-2650875657-2422772959-1898","Ferrand","Ferrand","Commercial","nicolas.ferrand@contoso.fr","Lyon"
"Direction Commerciale","CN=Pierre Noël,OU=Direction Commerciale,OU=Utilisateurs,DC=contoso,DC=fr","True","Pierre","pierren@contoso.fr","CN=Baptiste Guérin,OU=Direction Commerciale,OU=Utilisateurs,DC=contoso,DC=fr","Pierre Noël","user","ecd55b50-c750-463c-8eaf-ae8be8f0701b","","pierren","S-1-5-21-331390976-2650875657-2422772959-1899","Noël","Noël","Commercial","pierre.noel@contoso.fr","Paris"
"Pilotage des Affaires","CN=Sébastien Fournier,OU=Pilotage des Affaires,OU=Utilisateurs,DC=contoso,DC=fr","True","Sébastien","sebastienf@contoso.fr","CN=Bastien Rey,OU=Pilotage des Affaires,OU=Utilisateurs,DC=contoso,DC=fr","Sébastien Fournier","user","74e3e1ec-3ff1-4727-8a2c-8e795c246502","01 99 00 88 15","sebastienf","S-1-5-21-331390976-2650875657-2422772959-1900","Fournier","Fournier","Commercial","sebastien.fournier@contoso.fr","Paris"
"Direction Commerciale","CN=Maxime Imbert,OU=Direction Commerciale,OU=Utilisateurs,DC=contoso,DC=fr","True","Maxime","maximei@contoso.fr","CN=Quentin Joubert,OU=Pilotage des Affaires,OU=Utilisateurs,DC=contoso,DC=fr","Maxime Imbert","user","df5f44c7-dcbc-4b3d-b8d1-a96021f4e660","","maximei","S-1-5-21-331390976-2650875657-2422772959-1901","Imbert","Imbert","Commercial","maxime.imbert@contoso.fr","Paris"
"Pilotage des Affaires","CN=Aurélie Vidal,OU=Pilotage des Affaires,OU=Utilisateurs,DC=contoso,DC=fr","True","Aurélie","aureliev@contoso.fr","CN=Guillaume Fontaine,OU=Pilotage des Affaires,OU=Utilisateurs,DC=contoso,DC=fr","Aurélie Vidal","user","10e7c1a2-4a94-497d-a738-3c682f8cf761","01 99 00 68 28","aureliev","S-1-5-21-331390976-2650875657-2422772959-1902","Vidal","Vidal","Commercial","aurelie.vidal@contoso.fr","Paris"
"Pilotage des Affaires","CN=Benoît Amiot,OU=Pilotage des Affaires,OU=Utilisateurs,DC=contoso,DC=fr","True","Benoît","benoita@contoso.fr","CN=Guillaume Fontaine,OU=Pilotage des Affaires,OU=Utilisateurs,DC=contoso,DC=fr","Benoît Amiot","user","b43c196e-de75-4752-8a5c-c0a13f9ccb92","04 65 71 78 18","benoita","S-1-5-21-331390976-2650875657-2422772959-1903","Amiot","Amiot","Commercial","benoit.amiot@contoso.fr","Lyon"
"Pilotage des Affaires","CN=Delphine Imbert,OU=Pilotage des Affaires,OU=Utilisateurs,DC=contoso,DC=fr","True","Delphine","delphinei@contoso.fr","CN=Baptiste Guérin,OU=Direction Commerciale,OU=Utilisateurs,DC=contoso,DC=fr","Delphine Imbert","user","05809581-4d1d-4c6b-a895-12e5e129bc04","01 99 00 24 65","delphinei","S-1-5-21-331390976-2650875657-2422772959-1904","Imbert","Imbert","Commercial","delphine.imbert@contoso.fr","Paris"
"Pilotage des Affaires","CN=Fabien Maillard,OU=Pilotage des Affaires,OU=Utilisateurs,DC=contoso,DC=fr","True","Fabien","fabienm@contoso.fr","CN=Baptiste Guérin,OU=Direction Commerciale,OU=Utilisateurs,DC=contoso,DC=fr","Fabien Maillard","user","8f732dea-9040-4cc3-bb9f-5a49657d3be5","04 65 71 59 58","fabienm","S-1-5-21-331390976-2650875657-2422772959-1905","Maillard","Maillard","Commercial","fabien.maillard@contoso.fr","Lyon"
"Pilotage des Affaires","CN=Aurélie Maillard,OU=Pilotage des Affaires,OU=Utilisateurs,DC=contoso,DC=fr","True","Aurélie","aureliem@contoso.fr","CN=Baptiste Guérin,OU=Direction Commerciale,OU=Utilisateurs,DC=contoso,DC=fr","Aurélie Maillard","user","a69a1b96-822b-4c67-b9f1-a4f52bb27aba","01 99 00 36 48","aureliem","S-1-5-21-331390976-2650875657-2422772959-1906","Maillard","Maillard","Commercial","aurelie.maillard@contoso.fr","Paris"
"Pilotage des Affaires","CN=Grégory Ménard,OU=Pilotage des Affaires,OU=Utilisateurs,DC=contoso,DC=fr","True","Grégory","gregorym@contoso.fr","CN=Baptiste Guérin,OU=Direction Commerciale,OU=Utilisateurs,DC=contoso,DC=fr","Grégory Ménard","user","dfdadc39-7335-404d-af66-c77cf13a15f8","04 65 71 33 83","gregorym","S-1-5-21-331390976-2650875657-2422772959-1907","Ménard","Ménard","Commercial","gregory.menard@contoso.fr","Lyon"
"Direction Commerciale","CN=Romain Vasseur,OU=Direction Commerciale,OU=Utilisateurs,DC=contoso,DC=fr","True","Romain","romainv@contoso.fr","CN=Élodie Imbert,OU=Direction Commerciale,OU=Utilisateurs,DC=contoso,DC=fr","Romain Vasseur","user","8a883c57-24f4-4bb9-8244-fc03f8cd24f6","04 65 71 12 65","romainv","S-1-5-21-331390976-2650875657-2422772959-1908","Vasseur","Vasseur","Commercial","romain.vasseur@contoso.fr","Lyon"
"Direction Commerciale","CN=Nathalie Imbert,OU=Direction Commerciale,OU=Utilisateurs,DC=contoso,DC=fr","True","Nathalie","nathaliei@contoso.fr","CN=Élodie Imbert,OU=Direction Commerciale,OU=Utilisateurs,DC=contoso,DC=fr","Nathalie Imbert","user","601b5da0-1569-4b7b-8678-af4fe73a07c4","01 99 00 56 25","nathaliei","S-1-5-21-331390976-2650875657-2422772959-1909","Imbert","Imbert","Commercial","nathalie.imbert@contoso.fr","Paris"
"Direction Commerciale","CN=Xavier Clerc,OU=Direction Commerciale,OU=Utilisateurs,DC=contoso,DC=fr","True","Xavier","xavierc@contoso.fr","CN=Élodie Imbert,OU=Direction Commerciale,OU=Utilisateurs,DC=contoso,DC=fr","Xavier Clerc","user","664725d3-879e-4447-98da-45a39a55acde","01 99 00 38 39","xavierc","S-1-5-21-331390976-2650875657-2422772959-1910","Clerc","Clerc","Commercial","xavier.clerc@contoso.fr","Paris"
"Exploitation","CN=Hugo Dumas,OU=Exploitation,OU=Utilisateurs,DC=contoso,DC=fr","True","Hugo","hugod@contoso.fr","CN=Camille Mercier,OU=Exploitation,OU=Utilisateurs,DC=contoso,DC=fr","Hugo Dumas","user","5f880cde-c4f9-4480-82ea-0362b5397b0f","04 65 71 17 39","hugod","S-1-5-21-331390976-2650875657-2422772959-1911","Dumas","Dumas","Responsable informatique","hugo.dumas@contoso.fr","Lyon"
"Gestion de Projet","CN=Céline Duval,OU=Gestion de Projet,OU=Utilisateurs,DC=contoso,DC=fr","True","Céline","celined@contoso.fr","CN=Étienne Girard,OU=Gestion de Projet,OU=Utilisateurs,DC=contoso,DC=fr","Céline Duval","user","8b66e377-10a0-4346-9f98-4098cfcbffa7","01 99 00 31 64","celined","S-1-5-21-331390976-2650875657-2422772959-1912","Duval","Duval","Chef de projet","celine.duval@contoso.fr","Paris"
"Exploitation","CN=Clémence Vaillant,OU=Exploitation,OU=Utilisateurs,DC=contoso,DC=fr","True","Clémence","clemencev@contoso.fr","CN=Laurent Blanchard,OU=Exploitation,OU=Utilisateurs,DC=contoso,DC=fr","Clémence Vaillant","user","82af565f-9620-4754-a2d8-cb4baa18c1d0","01 99 00 45 42","clemencev","S-1-5-21-331390976-2650875657-2422772959-1913","Vaillant","Vaillant","Responsable","clemence.vaillant@contoso.fr","Paris"
"Pilotage des Affaires","CN=Morgane Gaillard,OU=Pilotage des Affaires,OU=Utilisateurs,DC=contoso,DC=fr","True","Morgane","morganeg@contoso.fr","CN=Bastien Rey,OU=Pilotage des Affaires,OU=Utilisateurs,DC=contoso,DC=fr","Morgane Gaillard","user","a204f649-8442-4f66-b157-36a962d9ed99","04 65 71 41 51","morganeg","S-1-5-21-331390976-2650875657-2422772959-1914","Gaillard","Gaillard","Commercial","morgane.gaillard@contoso.fr","Lyon"
"Direction Commerciale","CN=Margaux Tanguy,OU=Direction Commerciale,OU=Utilisateurs,DC=contoso,DC=fr","True","Margaux","margauxt@contoso.fr","CN=Guillaume Fontaine,OU=Pilotage des Affaires,OU=Utilisateurs,DC=contoso,DC=fr","Margaux Tanguy","user","b9a0bf66-8825-4609-9358-a43f9ab0404d","04 65 71 46 29","margauxt","S-1-5-21-331390976-2650875657-2422772959-1915","Tanguy","Tanguy","Commercial","margaux.tanguy@contoso.fr","Lyon"
"Exploitation","CN=Estelle Amiot,OU=Exploitation,OU=Utilisateurs,DC=contoso,DC=fr","True","Estelle","estellea@contoso.fr","CN=Sarah Clerc,OU=Exploitation,OU=Utilisateurs,DC=contoso,DC=fr","Estelle Amiot","user","0b5eb69f-c854-4a3e-92d4-70a9f04bf1ca","01 99 00 49 32","estellea","S-1-5-21-331390976-2650875657-2422772959-1916","Amiot","Amiot","Responsable des achats","estelle.amiot@contoso.fr","Paris"
"Direction Commerciale","CN=Lucie Dumas,OU=Direction Commerciale,OU=Utilisateurs,DC=contoso,DC=fr","True","Lucie","lucied@contoso.fr","CN=Baptiste Guérin,OU=Direction Commerciale,OU=Utilisateurs,DC=contoso,DC=fr","Lucie Dumas","user","67299c87-9e80-4ee5-97f6-7efaafbe5bb1","01 99 00 92 96","lucied","S-1-5-21-331390976-2650875657-2422772959-1917","Dumas","Dumas","Commercial","lucie.dumas@contoso.fr","Paris"
"Direction Commerciale","CN=Romain Hubert,OU=Direction Commerciale,OU=Utilisateurs,DC=contoso,DC=fr","True","Romain","romainh@contoso.fr","CN=Élodie Imbert,OU=Direction Commerciale,OU=Utilisateurs,DC=contoso,DC=fr","Romain Hubert","user","02abd93d-71f3-4ca7-bba1-929dee6bc5d9","01 99 00 25 38","romainh","S-1-5-21-331390976-2650875657-2422772959-1918","Hubert","Hubert","Commercial","romain.hubert@contoso.fr","Paris"
"Direction Commerciale","CN=Olivier Vidal,OU=Direction Commerciale,OU=Utilisateurs,DC=contoso,DC=fr","True","Olivier","olivierv@contoso.fr","CN=Bastien Rey,OU=Pilotage des Affaires,OU=Utilisateurs,DC=contoso,DC=fr","Olivier Vidal","user","9b7d63c5-c77c-415c-b37c-c27e1c22112e","03 53 01 45 68","olivierv","S-1-5-21-331390976-2650875657-2422772959-1919","Vidal","Vidal","Commercial","olivier.vidal@contoso.fr","Metz"
"Direction Commerciale","CN=Charlotte Amiot,OU=Direction Commerciale,OU=Utilisateurs,DC=contoso,DC=fr","True","Charlotte","charlottea@contoso.fr","CN=Bastien Rey,OU=Pilotage des Affaires,OU=Utilisateurs,DC=contoso,DC=fr","Charlotte Amiot","user","ad8b0c28-0128-4688-a396-19723b1a77b1","01 99 00 63 37","charlottea","S-1-5-21-331390976-2650875657-2422772959-1920","Amiot","Amiot","Commercial","charlotte.amiot@contoso.fr","Paris"
"Direction Commerciale","CN=Morgane Dorival,OU=Direction Commerciale,OU=Utilisateurs,DC=contoso,DC=fr","True","Morgane","morganed@contoso.fr","CN=Quentin Joubert,OU=Pilotage des Affaires,OU=Utilisateurs,DC=contoso,DC=fr","Morgane Dorival","user","01d1e01e-bf53-419a-9762-17270b1a7328","03 53 01 18 12","morganed","S-1-5-21-331390976-2650875657-2422772959-1921","Dorival","Dorival","Commercial","morgane.dorival@contoso.fr","Metz"
"Direction Commerciale","CN=Jérôme Hubert,OU=Direction Commerciale,OU=Utilisateurs,DC=contoso,DC=fr","True","Jérôme","jeromeh@contoso.fr","CN=Baptiste Guérin,OU=Direction Commerciale,OU=Utilisateurs,DC=contoso,DC=fr","Jérôme Hubert","user","94275b5c-ed29-4f08-b12c-0c0e48f4103f","04 65 71 52 77","jeromeh","S-1-5-21-331390976-2650875657-2422772959-1922","Hubert","Hubert","Commercial","jerome.hubert@contoso.fr","Lyon"
"Direction Commerciale","CN=Jérôme Renaud,OU=Direction Commerciale,OU=Utilisateurs,DC=contoso,DC=fr","True","Jérôme","jeromer@contoso.fr","CN=Quentin Joubert,OU=Pilotage des Affaires,OU=Utilisateurs,DC=contoso,DC=fr","Jérôme Renaud","user","d8fd85c5-5df6-4d42-804e-14c618b3bbba","01 99 00 32 69","jeromer","S-1-5-21-331390976-2650875657-2422772959-1923","Renaud","Renaud","Commercial","jerome.renaud@contoso.fr","Paris"
"Direction Commerciale","CN=Mélanie Dupont,OU=Direction Commerciale,OU=Utilisateurs,DC=contoso,DC=fr","True","Mélanie","melanied@contoso.fr","CN=Élodie Imbert,OU=Direction Commerciale,OU=Utilisateurs,DC=contoso,DC=fr","Mélanie Dupont","user","825e514b-d061-40e4-af79-1d3d432447ad","03 53 01 26 68","melanied","S-1-5-21-331390976-2650875657-2422772959-1924","Dupont","Dupont","Commercial","melanie.dupont@contoso.fr","Metz"
"Comité de Direction","CN=Pierre Chevalier,OU=Comité de Direction,OU=Utilisateurs,DC=contoso,DC=fr","True","Pierre","pierrec@contoso.fr","CN=Caroline Pichon,OU=Comité de Direction,OU=Utilisateurs,DC=contoso,DC=fr","Pierre Chevalier","user","026dc3e3-4406-43c7-9a3e-cba432b0447b","01 99 00 01 74","pierrec","S-1-5-21-331390976-2650875657-2422772959-1925","Chevalier","Chevalier","Responsable grands comptes","pierre.chevalier@contoso.fr","Paris"
"Ressources Humaines","CN=Sébastien Masse,OU=Ressources Humaines,OU=Utilisateurs,DC=contoso,DC=fr","True","Sébastien","sebastienm@contoso.fr","CN=Sébastien Noël,OU=Ressources Humaines,OU=Utilisateurs,DC=contoso,DC=fr","Sébastien Masse","user","0a9a7b2d-1dd8-4282-aae1-fae964ec5f6d","01 99 00 14 37","sebastienm","S-1-5-21-331390976-2650875657-2422772959-1926","Masse","Masse","Chargé des ressources humaines","sebastien.masse@contoso.fr","Paris"
"Direction Commerciale","CN=Quentin Hervé,OU=Direction Commerciale,OU=Utilisateurs,DC=contoso,DC=fr","True","Quentin","quentinh@contoso.fr","CN=Quentin Joubert,OU=Pilotage des Affaires,OU=Utilisateurs,DC=contoso,DC=fr","Quentin Hervé","user","732b9335-bd32-4ab2-9391-cdf3b8337250","01 99 00 84 74","quentinh","S-1-5-21-331390976-2650875657-2422772959-1927","Hervé","Hervé","Commercial","quentin.herve@contoso.fr","Paris"
"Direction Commerciale","CN=Justine Gaillard,OU=Direction Commerciale,OU=Utilisateurs,DC=contoso,DC=fr","True","Justine","justineg@contoso.fr","CN=Bastien Rey,OU=Pilotage des Affaires,OU=Utilisateurs,DC=contoso,DC=fr","Justine Gaillard","user","561988f3-f047-4346-b081-09051fe8e12d","01 99 00 37 66","justineg","S-1-5-21-331390976-2650875657-2422772959-1928","Gaillard","Gaillard","Commercial","justine.gaillard@contoso.fr","Paris"
"Direction Commerciale","CN=Lucie Langlois,OU=Direction Commerciale,OU=Utilisateurs,DC=contoso,DC=fr","True","Lucie","luciel@contoso.fr","CN=Élodie Imbert,OU=Direction Commerciale,OU=Utilisateurs,DC=contoso,DC=fr","Lucie Langlois","user","043eef25-992d-4761-b948-1ea1977b4160","","luciel","S-1-5-21-331390976-2650875657-2422772959-1929","Langlois","Langlois","Commercial","lucie.langlois@contoso.fr","Metz"
"Direction Commerciale","CN=Morgane Rousseau,OU=Direction Commerciale,OU=Utilisateurs,DC=contoso,DC=fr","True","Morgane","morganer@contoso.fr","CN=Baptiste Guérin,OU=Direction Commerciale,OU=Utilisateurs,DC=contoso,DC=fr","Morgane Rousseau","user","a37a24a1-f54a-4e97-933f-b7aaf00d96af","01 99 00 14 22","morganer","S-1-5-21-331390976-2650875657-2422772959-1930","Rousseau","Rousseau","Commercial","morgane.rousseau@contoso.fr","Paris"
"Direction Commerciale","CN=Julien Vaillant,OU=Direction Commerciale,OU=Utilisateurs,DC=contoso,DC=fr","True","Julien","julienv@contoso.fr","CN=Quentin Joubert,OU=Pilotage des Affaires,OU=Utilisateurs,DC=contoso,DC=fr","Julien Vaillant","user","54166cfd-94e0-4fa8-8794-3ade7fb3fb95","01 99 00 48 25","julienv","S-1-5-21-331390976-2650875657-2422772959-1931","Vaillant","Vaillant","Commercial","julien.vaillant@contoso.fr","Paris"
"Direction Commerciale","CN=Émilie Duval,OU=Direction Commerciale,OU=Utilisateurs,DC=contoso,DC=fr","True","Émilie","emilied@contoso.fr","CN=Élodie Imbert,OU=Direction Commerciale,OU=Utilisateurs,DC=contoso,DC=fr","Émilie Duval","user","a5a4f9bf-2e00-4739-bfaa-e115b6a7dd97","03 53 01 17 85","emilied","S-1-5-21-331390976-2650875657-2422772959-1932","Duval","Duval","Commercial","emilie.duval@contoso.fr","Metz"
"Ingénierie et Production","CN=Anaïs Boyer,OU=Ingénierie et Production,OU=Utilisateurs,DC=contoso,DC=fr","True","Anaïs","anaisb@contoso.fr","CN=Océane Baron,OU=Ingénierie et Production,OU=Utilisateurs,DC=contoso,DC=fr","Anaïs Boyer","user","6b4a2b4e-0b8d-456d-be2e-d3ddcdc51fb3","03 53 01 69 41","anaisb","S-1-5-21-331390976-2650875657-2422772959-1933","Boyer","Boyer","Ingénieur senior","anais.boyer@contoso.fr","Metz"
"Ingénierie et Production","CN=Quentin Fontaine,OU=Ingénierie et Production,OU=Utilisateurs,DC=contoso,DC=fr","True","Quentin","quentinf@contoso.fr","CN=Océane Baron,OU=Ingénierie et Production,OU=Utilisateurs,DC=contoso,DC=fr","Quentin Fontaine","user","5f29b1e3-d951-4f9d-923d-30bcd2395b77","03 53 01 56 51","quentinf","S-1-5-21-331390976-2650875657-2422772959-1934","Fontaine","Fontaine","Ingénieur senior","quentin.fontaine@contoso.fr","Metz"
"Ingénierie et Production","CN=Isabelle Bertin,OU=Ingénierie et Production,OU=Utilisateurs,DC=contoso,DC=fr","True","Isabelle","isabelleb@contoso.fr","CN=Océane Baron,OU=Ingénierie et Production,OU=Utilisateurs,DC=contoso,DC=fr","Isabelle Bertin","user","ade56bf7-667e-465f-bd7a-8402ed4f949a","03 53 01 23 18","isabelleb","S-1-5-21-331390976-2650875657-2422772959-1935","Bertin","Bertin","Ingénieur senior","isabelle.bertin@contoso.fr","Metz"
"Ingénierie et Production","CN=Sandrine Weber,OU=Ingénierie et Production,OU=Utilisateurs,DC=contoso,DC=fr","True","Sandrine","sandrinew@contoso.fr","CN=Océane Baron,OU=Ingénierie et Production,OU=Utilisateurs,DC=contoso,DC=fr","Sandrine Weber","user","9aca78b2-fd43-4c54-a946-68bc3cabdce6","03 53 01 93 51","sandrinew","S-1-5-21-331390976-2650875657-2422772959-1936","Weber","Weber","Ingénieur senior","sandrine.weber@contoso.fr","Metz"
"Ingénierie et Production","CN=Hugo Vaillant,OU=Ingénierie et Production,OU=Utilisateurs,DC=contoso,DC=fr","True","Hugo","hugov@contoso.fr","CN=Océane Baron,OU=Ingénierie et Production,OU=Utilisateurs,DC=contoso,DC=fr","Hugo Vaillant","user","081d9d81-2445-430c-b1fe-520ecd3ecf00","03 53 01 27 32","hugov","S-1-5-21-331390976-2650875657-2422772959-1937","Vaillant","Vaillant","Ingénieur senior","hugo.vaillant@contoso.fr","Metz"
"Ingénierie et Production","CN=Émilie Leclerc,OU=Ingénierie et Production,OU=Utilisateurs,DC=contoso,DC=fr","True","Émilie","emiliel@contoso.fr","CN=Océane Baron,OU=Ingénierie et Production,OU=Utilisateurs,DC=contoso,DC=fr","Émilie Leclerc","user","a0e7e4af-217c-4c54-878e-b5236e5c96df","03 53 01 92 44","emiliel","S-1-5-21-331390976-2650875657-2422772959-1938","Leclerc","Leclerc","Ingénieur senior","emilie.leclerc@contoso.fr","Metz"
"Ingénierie et Production","CN=Alexandre Barbier,OU=Ingénierie et Production,OU=Utilisateurs,DC=contoso,DC=fr","True","Alexandre","alexandreb@contoso.fr","CN=Océane Baron,OU=Ingénierie et Production,OU=Utilisateurs,DC=contoso,DC=fr","Alexandre Barbier","user","4edd87db-2894-4448-be3a-6982b0baf17d","03 53 01 12 11","alexandreb","S-1-5-21-331390976-2650875657-2422772959-1939","Barbier","Barbier","Ingénieur","alexandre.barbier@contoso.fr","Metz"
"Ingénierie et Production","CN=Émilie Poirier,OU=Ingénierie et Production,OU=Utilisateurs,DC=contoso,DC=fr","True","Émilie","emiliep@contoso.fr","CN=Océane Baron,OU=Ingénierie et Production,OU=Utilisateurs,DC=contoso,DC=fr","Émilie Poirier","user","9f42a891-9741-4c8c-88e1-1939c93893dc","03 53 01 74 44","emiliep","S-1-5-21-331390976-2650875657-2422772959-1940","Poirier","Poirier","Ingénieur","emilie.poirier@contoso.fr","Metz"
"Ingénierie et Production","CN=Hélène Tessier,OU=Ingénierie et Production,OU=Utilisateurs,DC=contoso,DC=fr","True","Hélène","helenet@contoso.fr","CN=Océane Baron,OU=Ingénierie et Production,OU=Utilisateurs,DC=contoso,DC=fr","Hélène Tessier","user","b6c3f269-7c18-4c71-96d9-fa6422cca9dd","03 53 01 61 32","helenet","S-1-5-21-331390976-2650875657-2422772959-1941","Tessier","Tessier","Ingénieur","helene.tessier@contoso.fr","Metz"
"Conseil en Stratégie","CN=Camille Huet,OU=Conseil en Stratégie,OU=Utilisateurs,DC=contoso,DC=fr","True","Camille","camilleh@contoso.fr","CN=Laurent Mallet,OU=Conseil en Stratégie,OU=Utilisateurs,DC=contoso,DC=fr","Camille Huet","user","6f06f83c-683b-471c-8113-4b4d5119787b","03 53 01 95 38","camilleh","S-1-5-21-331390976-2650875657-2422772959-1942","Huet","Huet","Consultant en stratégie","camille.huet@contoso.fr","Metz"
"Marketing","CN=Ludovic Vaillant,OU=Marketing,OU=Utilisateurs,DC=contoso,DC=fr","True","Ludovic","ludovicv@contoso.fr","CN=Delphine Esnault,OU=Marketing,OU=Utilisateurs,DC=contoso,DC=fr","Ludovic Vaillant","user","f276117d-795e-464f-be3c-80385f7c1f66","01 99 00 92 69","ludovicv","S-1-5-21-331390976-2650875657-2422772959-1943","Vaillant","Vaillant","Chargé de marketing","ludovic.vaillant@contoso.fr","Paris"
"Ingénierie et Production","CN=Florian Sauvage,OU=Ingénierie et Production,OU=Utilisateurs,DC=contoso,DC=fr","True","Florian","florians@contoso.fr","CN=Océane Baron,OU=Ingénierie et Production,OU=Utilisateurs,DC=contoso,DC=fr","Florian Sauvage","user","2d81b25a-4841-48ec-a283-8001181e3f88","03 53 01 88 35","florians","S-1-5-21-331390976-2650875657-2422772959-1944","Sauvage","Sauvage","Ingénieur","florian.sauvage@contoso.fr","Metz"
"Exploitation","CN=Nicolas Langlois,OU=Exploitation,OU=Utilisateurs,DC=contoso,DC=fr","True","Nicolas","nicolasl@contoso.fr","CN=Laurent Blanchard,OU=Exploitation,OU=Utilisateurs,DC=contoso,DC=fr","Nicolas Langlois","user","a6f257e6-b2a2-404b-8327-179f0279f3ac","01 99 00 35 56","nicolasl","S-1-5-21-331390976-2650875657-2422772959-1945","Langlois","Langlois","Responsable","nicolas.langlois@contoso.fr","Paris"
"Exploitation","CN=Thomas Amiot,OU=Exploitation,OU=Utilisateurs,DC=contoso,DC=fr","True","Thomas","thomasa@contoso.fr","CN=Laurent Blanchard,OU=Exploitation,OU=Utilisateurs,DC=contoso,DC=fr","Thomas Amiot","user","115f290d-6bdc-4de9-b0e4-790c5c440127","01 99 00 76 98","thomasa","S-1-5-21-331390976-2650875657-2422772959-1946","Amiot","Amiot","Responsable","thomas.amiot@contoso.fr","Paris"
"Exploitation","CN=Justine Ménard,OU=Exploitation,OU=Utilisateurs,DC=contoso,DC=fr","True","Justine","justinem@contoso.fr","CN=Laurent Blanchard,OU=Exploitation,OU=Utilisateurs,DC=contoso,DC=fr","Justine Ménard","user","dda79200-5c91-4359-a871-19943799fa5b","03 53 01 13 93","justinem","S-1-5-21-331390976-2650875657-2422772959-1947","Ménard","Ménard","Responsable","justine.menard@contoso.fr","Metz"
"Exploitation","CN=Amandine Hamon,OU=Exploitation,OU=Utilisateurs,DC=contoso,DC=fr","True","Amandine","amandineh@contoso.fr","CN=Laurent Blanchard,OU=Exploitation,OU=Utilisateurs,DC=contoso,DC=fr","Amandine Hamon","user","496e3974-291c-4a49-add5-3b9a2da18ec6","01 99 00 76 49","amandineh","S-1-5-21-331390976-2650875657-2422772959-1948","Hamon","Hamon","Responsable","amandine.hamon@contoso.fr","Paris"
"Exploitation","CN=Sandrine Sauvage,OU=Exploitation,OU=Utilisateurs,DC=contoso,DC=fr","True","Sandrine","sandrines@contoso.fr","CN=Pierre Maillard,OU=Exploitation,OU=Utilisateurs,DC=contoso,DC=fr","Sandrine Sauvage","user","e2bab5fd-4aa5-4d26-8f8f-17ba4b163dd7","04 65 71 98 67","sandrines","S-1-5-21-331390976-2650875657-2422772959-1949","Sauvage","Sauvage","Responsable","sandrine.sauvage@contoso.fr","Lyon"
"Exploitation","CN=Estelle Girard,OU=Exploitation,OU=Utilisateurs,DC=contoso,DC=fr","True","Estelle","estelleg@contoso.fr","CN=Pierre Maillard,OU=Exploitation,OU=Utilisateurs,DC=contoso,DC=fr","Estelle Girard","user","24f7f219-4e58-4478-ab5b-0c6f3e901831","04 65 71 12 98","estelleg","S-1-5-21-331390976-2650875657-2422772959-1950","Girard","Girard","Responsable","estelle.girard@contoso.fr","Lyon"
"Exploitation","CN=Élodie Perrin,OU=Exploitation,OU=Utilisateurs,DC=contoso,DC=fr","True","Élodie","elodiep@contoso.fr","CN=Pierre Maillard,OU=Exploitation,OU=Utilisateurs,DC=contoso,DC=fr","Élodie Perrin","user","94b0053a-e3d2-4bcd-974d-bf16903480b5","04 65 71 59 34","elodiep","S-1-5-21-331390976-2650875657-2422772959-1951","Perrin","Perrin","Responsable","elodie.perrin@contoso.fr","Lyon"
"Exploitation","CN=Mélanie Poirier,OU=Exploitation,OU=Utilisateurs,DC=contoso,DC=fr","True","Mélanie","melaniep@contoso.fr","CN=Camille Mercier,OU=Exploitation,OU=Utilisateurs,DC=contoso,DC=fr","Mélanie Poirier","user","7cee8e85-e3cf-4b6f-84ec-fac89107e957","03 53 01 55 67","melaniep","S-1-5-21-331390976-2650875657-2422772959-1952","Poirier","Poirier","Responsable informatique","melanie.poirier@contoso.fr","Metz"
"Exploitation","CN=Clémence Esnault,OU=Exploitation,OU=Utilisateurs,DC=contoso,DC=fr","True","Clémence","clemencee@contoso.fr","CN=Camille Mercier,OU=Exploitation,OU=Utilisateurs,DC=contoso,DC=fr","Clémence Esnault","user","abe8e04a-d2cf-4513-b6f3-bd4b3f83d0ae","03 53 01 74 55","clemencee","S-1-5-21-331390976-2650875657-2422772959-1953","Esnault","Esnault","Responsable informatique","clemence.esnault@contoso.fr","Metz"
"Exploitation","CN=Clémence Aubert,OU=Exploitation,OU=Utilisateurs,DC=contoso,DC=fr","True","Clémence","clemencea@contoso.fr","CN=Camille Mercier,OU=Exploitation,OU=Utilisateurs,DC=contoso,DC=fr","Clémence Aubert","user","db494dc0-7737-43e8-8c15-5d004cad6e15","04 65 71 95 41","clemencea","S-1-5-21-331390976-2650875657-2422772959-1954","Aubert","Aubert","Responsable informatique","clemence.aubert@contoso.fr","Lyon"
"Direction Commerciale","CN=Adrien Lemoine,OU=Direction Commerciale,OU=Utilisateurs,DC=contoso,DC=fr","True","Adrien","adrienl@contoso.fr","CN=Guillaume Fontaine,OU=Pilotage des Affaires,OU=Utilisateurs,DC=contoso,DC=fr","Adrien Lemoine","user","805a6755-468a-4064-a72a-2e7b50611f8e","03 53 01 38 55","adrienl","S-1-5-21-331390976-2650875657-2422772959-1955","Lemoine","Lemoine","Commercial","adrien.lemoine@contoso.fr","Metz"
"Marketing","CN=Baptiste Renaud,OU=Marketing,OU=Utilisateurs,DC=contoso,DC=fr","True","Baptiste","baptister@contoso.fr","CN=Delphine Esnault,OU=Marketing,OU=Utilisateurs,DC=contoso,DC=fr","Baptiste Renaud","user","06ae3442-d45c-4434-bcbc-8fffc563159c","01 99 00 24 16","baptister","S-1-5-21-331390976-2650875657-2422772959-1956","Renaud","Renaud","Chargé des relations publiques","baptiste.renaud@contoso.fr","Paris"
"Direction Commerciale","CN=Nicolas Aubert,OU=Direction Commerciale,OU=Utilisateurs,DC=contoso,DC=fr","True","Nicolas","nicolasa@contoso.fr","CN=Bastien Rey,OU=Pilotage des Affaires,OU=Utilisateurs,DC=contoso,DC=fr","Nicolas Aubert","user","6938e863-6bcd-4c01-a4c9-9731a62ea24e","01 99 00 78 62","nicolasa","S-1-5-21-331390976-2650875657-2422772959-1957","Aubert","Aubert","Commercial","nicolas.aubert@contoso.fr","Paris"
"Direction Commerciale","CN=Pauline Charpentier,OU=Direction Commerciale,OU=Utilisateurs,DC=contoso,DC=fr","True","Pauline","paulinec@contoso.fr","CN=Bastien Rey,OU=Pilotage des Affaires,OU=Utilisateurs,DC=contoso,DC=fr","Pauline Charpentier","user","e19dc78a-e677-4d14-b73d-16ea5ad2c3f0","01 99 00 36 54","paulinec","S-1-5-21-331390976-2650875657-2422772959-1958","Charpentier","Charpentier","Commercial","pauline.charpentier@contoso.fr","Paris"
"Marketing","CN=Fabien Rey,OU=Marketing,OU=Utilisateurs,DC=contoso,DC=fr","True","Fabien","fabienr@contoso.fr","CN=Delphine Esnault,OU=Marketing,OU=Utilisateurs,DC=contoso,DC=fr","Fabien Rey","user","cf154fe7-9cdf-41f6-b875-437e5017faac","01 99 00 88 34","fabienr","S-1-5-21-331390976-2650875657-2422772959-1959","Rey","Rey","Chargé de marketing","fabien.rey@contoso.fr","Paris"
"Marketing","CN=Camille Turpin,OU=Marketing,OU=Utilisateurs,DC=contoso,DC=fr","True","Camille","camillet@contoso.fr","CN=Delphine Esnault,OU=Marketing,OU=Utilisateurs,DC=contoso,DC=fr","Camille Turpin","user","6b3088e0-bb66-4e34-b1a1-26ccf714a0a2","01 99 00 23 12","camillet","S-1-5-21-331390976-2650875657-2422772959-1960","Turpin","Turpin","Chargé de marketing","camille.turpin@contoso.fr","Paris"
"Marketing","CN=Grégory Baron,OU=Marketing,OU=Utilisateurs,DC=contoso,DC=fr","True","Grégory","gregoryb@contoso.fr","CN=Delphine Esnault,OU=Marketing,OU=Utilisateurs,DC=contoso,DC=fr","Grégory Baron","user","061929ec-ccb5-407a-ad08-95d26d8cef92","01 99 00 89 51","gregoryb","S-1-5-21-331390976-2650875657-2422772959-1961","Baron","Baron","Chargé de marketing","gregory.baron@contoso.fr","Paris"
"Exploitation","CN=Sandrine Noël,OU=Exploitation,OU=Utilisateurs,DC=contoso,DC=fr","True","Sandrine","sandrinen@contoso.fr","CN=Camille Mercier,OU=Exploitation,OU=Utilisateurs,DC=contoso,DC=fr","Sandrine Noël","user","5e9619e6-7db9-49b1-b02d-74e7f13e9804","03 53 01 33 25","sandrinen","S-1-5-21-331390976-2650875657-2422772959-1962","Noël","Noël","Responsable informatique","sandrine.noel@contoso.fr","Metz"
"Direction Commerciale","CN=Marion Joubert,OU=Direction Commerciale,OU=Utilisateurs,DC=contoso,DC=fr","True","Marion","marionj@contoso.fr","CN=Élodie Imbert,OU=Direction Commerciale,OU=Utilisateurs,DC=contoso,DC=fr","Marion Joubert","user","330d3d4c-179a-4c71-9b45-7a94d702b535","","marionj","S-1-5-21-331390976-2650875657-2422772959-1963","Joubert","Joubert","Commercial","marion.joubert@contoso.fr","Lyon"
"Exploitation","CN=Antoine Galland,OU=Exploitation,OU=Utilisateurs,DC=contoso,DC=fr","True","Antoine","antoineg@contoso.fr","CN=Sarah Clerc,OU=Exploitation,OU=Utilisateurs,DC=contoso,DC=fr","Antoine Galland","user","8857777c-5356-480d-bde8-7c23032db281","04 65 71 45 15","antoineg","S-1-5-21-331390976-2650875657-2422772959-1964","Galland","Galland","Responsable des achats","antoine.galland@contoso.fr","Lyon"
"Direction Commerciale","CN=Bastien Caron,OU=Direction Commerciale,OU=Utilisateurs,DC=contoso,DC=fr","True","Bastien","bastienc@contoso.fr","CN=Guillaume Fontaine,OU=Pilotage des Affaires,OU=Utilisateurs,DC=contoso,DC=fr","Bastien Caron","user","c021f93c-6083-4fe8-8354-01406e5dc9a2","04 65 71 91 81","bastienc","S-1-5-21-331390976-2650875657-2422772959-1965","Caron","Caron","Commercial","bastien.caron@contoso.fr","Lyon"
"Direction Commerciale","CN=Vincent Fontaine,OU=Direction Commerciale,OU=Utilisateurs,DC=contoso,DC=fr","True","Vincent","vincentf@contoso.fr","CN=Baptiste Guérin,OU=Direction Commerciale,OU=Utilisateurs,DC=contoso,DC=fr","Vincent Fontaine","user","5b97edec-c8a4-44cb-93a9-2994c538296f","03 53 01 24 29","vincentf","S-1-5-21-331390976-2650875657-2422772959-1966","Fontaine","Fontaine","Commercial","vincent.fontaine@contoso.fr","Metz"
"Direction Commerciale","CN=Damien Gaillard,OU=Direction Commerciale,OU=Utilisateurs,DC=contoso,DC=fr","True","Damien","damieng@contoso.fr","CN=Quentin Joubert,OU=Pilotage des Affaires,OU=Utilisateurs,DC=contoso,DC=fr","Damien Gaillard","user","87baf3ad-a775-4d5c-8a10-4c0d5fb0619c","01 99 00 26 93","damieng","S-1-5-21-331390976-2650875657-2422772959-1967","Gaillard","Gaillard","Commercial","damien.gaillard@contoso.fr","Paris"
"Marketing","CN=Delphine Ozanne,OU=Marketing,OU=Utilisateurs,DC=contoso,DC=fr","True","Delphine","delphineo@contoso.fr","CN=Delphine Esnault,OU=Marketing,OU=Utilisateurs,DC=contoso,DC=fr","Delphine Ozanne","user","40ca4888-5bf2-46d7-a822-e727c49aa184","01 99 00 12 14","delphineo","S-1-5-21-331390976-2650875657-2422772959-1968","Ozanne","Ozanne","Chargé de marketing","delphine.ozanne@contoso.fr","Paris"
"Direction Commerciale","CN=Benoît Masse,OU=Direction Commerciale,OU=Utilisateurs,DC=contoso,DC=fr","True","Benoît","benoitm@contoso.fr","CN=Baptiste Guérin,OU=Direction Commerciale,OU=Utilisateurs,DC=contoso,DC=fr","Benoît Masse","user","a28e6030-6acc-4ca3-b715-88685ff511d5","03 53 01 45 16","benoitm","S-1-5-21-331390976-2650875657-2422772959-1969","Masse","Masse","Commercial","benoit.masse@contoso.fr","Metz"
"Marketing","CN=Antoine Rousseau,OU=Marketing,OU=Utilisateurs,DC=contoso,DC=fr","True","Antoine","antoiner@contoso.fr","CN=Delphine Esnault,OU=Marketing,OU=Utilisateurs,DC=contoso,DC=fr","Antoine Rousseau","user","5d8b4d1b-baa0-4805-9f0d-e2b68d462b4e","01 99 00 68 11","antoiner","S-1-5-21-331390976-2650875657-2422772959-1970","Rousseau","Rousseau","Chargé de marketing","antoine.rousseau@contoso.fr","Paris"
"Direction Commerciale","CN=Nicolas Bonnet,OU=Direction Commerciale,OU=Utilisateurs,DC=contoso,DC=fr","True","Nicolas","nicolasb@contoso.fr","CN=Guillaume Fontaine,OU=Pilotage des Affaires,OU=Utilisateurs,DC=contoso,DC=fr","Nicolas Bonnet","user","50711537-215b-474b-aba0-1e13a1f398ea","04 65 71 84 54","nicolasb","S-1-5-21-331390976-2650875657-2422772959-1971","Bonnet","Bonnet","Commercial","nicolas.bonnet@contoso.fr","Lyon"
"Marketing","CN=Estelle Régnier,OU=Marketing,OU=Utilisateurs,DC=contoso,DC=fr","True","Estelle","esteller@contoso.fr","CN=Delphine Esnault,OU=Marketing,OU=Utilisateurs,DC=contoso,DC=fr","Estelle Régnier","user","f92c1baa-0038-4247-be68-12043fcc34e3","01 99 00 90 00","esteller","S-1-5-21-331390976-2650875657-2422772959-1999","Régnier","Régnier","Chargé de marketing","estelle.regnier@contoso.fr","Paris"
"Exploitation","CN=Sandrine Huet,OU=Exploitation,OU=Utilisateurs,DC=contoso,DC=fr","True","Sandrine","sandrineh@contoso.fr","CN=Camille Mercier,OU=Exploitation,OU=Utilisateurs,DC=contoso,DC=fr","Sandrine Huet","user","d64b8476-3c5f-4caf-af6f-9a0f1c51d19f","01 99 00 90 01","sandrineh","S-1-5-21-331390976-2650875657-2422772959-2000","Huet","Huet","Responsable informatique","sandrine.huet@contoso.fr","Paris"
"Comptabilité","CN=Arnaud Pruvost,OU=Comptabilité,OU=Utilisateurs,DC=contoso,DC=fr","True","Arnaud","arnaudp@contoso.fr","CN=Antoine Lefebvre,OU=Comptabilité,OU=Utilisateurs,DC=contoso,DC=fr","Arnaud Pruvost","user","41e97533-89f7-45d7-8246-eaa449b5651d","01 99 00 90 02","arnaudp","S-1-5-21-331390976-2650875657-2422772959-2001","Pruvost","Pruvost","Comptable","arnaud.pruvost@contoso.fr","Paris"
"Ingénierie et Production","CN=Arnaud Maillard,OU=Ingénierie et Production,OU=Utilisateurs,DC=contoso,DC=fr","True","Arnaud","arnaudm@contoso.fr","CN=Océane Baron,OU=Ingénierie et Production,OU=Utilisateurs,DC=contoso,DC=fr","Arnaud Maillard","user","b3da460c-6191-4725-b08d-52bba48a574f","03 53 01 90 03","arnaudm","S-1-5-21-331390976-2650875657-2422772959-2002","Maillard","Maillard","Ingénieur senior","arnaud.maillard@contoso.fr","Metz"
"Pilotage des Affaires","CN=Audrey Girard,OU=Pilotage des Affaires,OU=Utilisateurs,DC=contoso,DC=fr","True","Audrey","audreyg@contoso.fr","CN=Baptiste Guérin,OU=Direction Commerciale,OU=Utilisateurs,DC=contoso,DC=fr","Audrey Girard","user","67b42b6c-6bd8-40e2-a622-fe69eacd3d47","01 99 00 90 04","audreyg","S-1-5-21-331390976-2650875657-2422772959-2003","Girard","Girard","Commercial","audrey.girard@contoso.fr","Paris"
